-- phpMyAdmin SQL Dump
-- version 4.5.1
-- http://www.phpmyadmin.net
--
-- Host: 127.0.0.1
-- Generation Time: 22 Agu 2019 pada 09.18
-- Versi Server: 10.1.19-MariaDB
-- PHP Version: 5.5.38

SET SQL_MODE = "NO_AUTO_VALUE_ON_ZERO";
SET time_zone = "+00:00";


/*!40101 SET @OLD_CHARACTER_SET_CLIENT=@@CHARACTER_SET_CLIENT */;
/*!40101 SET @OLD_CHARACTER_SET_RESULTS=@@CHARACTER_SET_RESULTS */;
/*!40101 SET @OLD_COLLATION_CONNECTION=@@COLLATION_CONNECTION */;
/*!40101 SET NAMES utf8mb4 */;

--
-- Database: `db_ycpt`
--

-- --------------------------------------------------------

--
-- Struktur dari tabel `admin`
--

CREATE TABLE `admin` (
  `id` int(11) NOT NULL,
  `nama` varchar(50) NOT NULL,
  `username` varchar(50) DEFAULT NULL,
  `password` varchar(100) DEFAULT NULL,
  `foto` varchar(255) DEFAULT NULL
) ENGINE=InnoDB DEFAULT CHARSET=latin1;

--
-- Dumping data untuk tabel `admin`
--

INSERT INTO `admin` (`id`, `nama`, `username`, `password`, `foto`) VALUES
(2, 'Admin', 'admin', '21232f297a57a5a743894a0e4a801fc3', 'admin.png');

-- --------------------------------------------------------

--
-- Struktur dari tabel `detail_pembayaran`
--

CREATE TABLE `detail_pembayaran` (
  `id_detail_pembayaran` int(11) NOT NULL,
  `id_pembayaran` int(11) NOT NULL,
  `id_setting_pembayaran` int(11) NOT NULL,
  `nominal` int(11) NOT NULL
) ENGINE=InnoDB DEFAULT CHARSET=latin1;

--
-- Dumping data untuk tabel `detail_pembayaran`
--

INSERT INTO `detail_pembayaran` (`id_detail_pembayaran`, `id_pembayaran`, `id_setting_pembayaran`, `nominal`) VALUES
(1, 1, 1, 430000),
(2, 1, 2, 100000),
(8, 2, 3, 260000),
(10, 3, 14, 250000),
(12, 2, 7, 80000),
(13, 2, 6, 15000),
(14, 4, 15, 250000),
(15, 4, 8, 100000),
(16, 7, 15, 250000),
(17, 7, 8, 100000),
(18, 7, 4, 500000);

-- --------------------------------------------------------

--
-- Struktur dari tabel `detail_pembayaran_psb`
--

CREATE TABLE `detail_pembayaran_psb` (
  `id_detail_pembayaran_psb` int(11) NOT NULL,
  `id_pembayaran_psb` int(11) NOT NULL,
  `id_setting_pembayaran` int(11) NOT NULL,
  `nominal` int(11) NOT NULL
) ENGINE=InnoDB DEFAULT CHARSET=latin1;

--
-- Dumping data untuk tabel `detail_pembayaran_psb`
--

INSERT INTO `detail_pembayaran_psb` (`id_detail_pembayaran_psb`, `id_pembayaran_psb`, `id_setting_pembayaran`, `nominal`) VALUES
(1, 1, 1, 200000),
(3, 2, 1, 230000),
(4, 1, 2, 100000),
(5, 3, 17, 300000);

-- --------------------------------------------------------

--
-- Struktur dari tabel `kelas`
--

CREATE TABLE `kelas` (
  `id_kelas` int(11) NOT NULL,
  `kelas` varchar(100) NOT NULL,
  `id_unit_pendidikan` int(11) NOT NULL
) ENGINE=InnoDB DEFAULT CHARSET=latin1;

--
-- Dumping data untuk tabel `kelas`
--

INSERT INTO `kelas` (`id_kelas`, `kelas`, `id_unit_pendidikan`) VALUES
(1, 'X IPA 1', 3),
(2, 'X IPA 2', 3),
(3, 'X IPS 1', 3),
(4, 'X IPS 2', 3),
(5, 'XI IPA 1', 3),
(6, 'XI IPA 2', 3),
(7, 'XI IPS 1', 3),
(8, 'XI IPS 2', 3),
(9, 'XII IPA 1', 3),
(10, 'XII IPA 2', 3),
(11, 'XII IPS 1', 3),
(12, 'XII IPS 2', 3),
(13, 'X PH', 4),
(14, 'X TKJ', 4),
(15, 'XI PH 1', 4),
(16, 'XI PH 2', 4),
(17, 'XI TKJ', 4),
(18, 'XII PH', 4),
(19, 'XII TKJ', 4),
(20, 'X TAV', 5),
(21, 'X TO 1', 5),
(22, 'X TO 2', 5),
(23, 'X TO 3', 5),
(24, 'X TO 4', 5),
(25, 'XI AV', 5),
(26, 'XI TKR 1', 5),
(27, 'XI TKR 2', 5),
(28, 'XI TKR 3', 5),
(29, 'XI TKR 4', 5),
(30, 'XII AV', 5),
(31, 'XII TKR 1', 5),
(32, 'XII TKR 2', 5),
(33, 'XII TKR 3', 5),
(34, 'VII A', 1),
(35, 'VII B', 1),
(36, 'VII C', 1),
(37, 'VIII A', 1),
(38, 'VIII B', 1),
(39, 'VIII C', 1),
(40, 'IX A', 1),
(41, 'IX B', 1),
(42, 'IX C', 1),
(43, 'VII A', 2),
(44, 'VII B', 2),
(45, 'VII C', 2),
(46, 'VII D', 2),
(47, 'VIII A', 2),
(48, 'VIII B', 2),
(49, 'VIII C', 2),
(50, 'VIII D', 2),
(51, 'VIII E', 2),
(52, 'IX A', 2),
(53, 'IX B', 2),
(54, 'IX C', 2),
(55, 'IX D', 2);

-- --------------------------------------------------------

--
-- Struktur dari tabel `pembayaran`
--

CREATE TABLE `pembayaran` (
  `id_pembayaran` int(11) NOT NULL,
  `tanggal` date NOT NULL,
  `id_tahun_ajaran` int(11) NOT NULL,
  `id_siswa` int(11) NOT NULL,
  `id_kelas` int(11) NOT NULL
) ENGINE=InnoDB DEFAULT CHARSET=latin1;

--
-- Dumping data untuk tabel `pembayaran`
--

INSERT INTO `pembayaran` (`id_pembayaran`, `tanggal`, `id_tahun_ajaran`, `id_siswa`, `id_kelas`) VALUES
(1, '2019-08-10', 1, 924, 34),
(2, '2019-08-10', 1, 1082, 40),
(3, '2019-08-12', 1, 214, 5),
(4, '2019-08-12', 1, 1081, 40),
(5, '2019-08-12', 1, 1081, 40),
(6, '2019-08-12', 1, 1085, 34),
(7, '2019-08-12', 1, 1085, 35);

-- --------------------------------------------------------

--
-- Struktur dari tabel `pembayaran_psb`
--

CREATE TABLE `pembayaran_psb` (
  `id_pembayaran_psb` int(11) NOT NULL,
  `tanggal` date NOT NULL,
  `id_tahun_ajaran` int(11) NOT NULL,
  `id_daftar` int(11) NOT NULL
) ENGINE=InnoDB DEFAULT CHARSET=latin1;

--
-- Dumping data untuk tabel `pembayaran_psb`
--

INSERT INTO `pembayaran_psb` (`id_pembayaran_psb`, `tanggal`, `id_tahun_ajaran`, `id_daftar`) VALUES
(1, '2019-08-12', 1, 1),
(2, '2019-08-12', 1, 1),
(3, '2019-08-12', 2, 2);

-- --------------------------------------------------------

--
-- Struktur dari tabel `pendaftaran`
--

CREATE TABLE `pendaftaran` (
  `id_daftar` int(11) NOT NULL,
  `nomor_daftar` varchar(20) NOT NULL,
  `tanggal_daftar` date NOT NULL,
  `nama_lengkap` varchar(100) NOT NULL,
  `tempat_lahir` varchar(100) NOT NULL,
  `tanggal_lahir` date NOT NULL,
  `nama_ortu` varchar(100) NOT NULL,
  `alamat` text NOT NULL,
  `id_unit_pendidikan` int(11) NOT NULL,
  `status` varchar(50) NOT NULL
) ENGINE=InnoDB DEFAULT CHARSET=latin1;

--
-- Dumping data untuk tabel `pendaftaran`
--

INSERT INTO `pendaftaran` (`id_daftar`, `nomor_daftar`, `tanggal_daftar`, `nama_lengkap`, `tempat_lahir`, `tanggal_lahir`, `nama_ortu`, `alamat`, `id_unit_pendidikan`, `status`) VALUES
(1, '00001', '2019-08-12', 'yunus muhammad', 'Semarang', '2003-03-05', 'Muhammad Agus', 'Klipan Pesona Asri III Blok G1 , Tembalang', 1, 'Pending'),
(2, '00002', '2019-08-10', 'Daniel Parulian Siregar', 'semarang', '2003-03-06', 'Budi', 'Sukunraya', 1, 'Approved');

-- --------------------------------------------------------

--
-- Struktur dari tabel `setting_pembayaran`
--

CREATE TABLE `setting_pembayaran` (
  `id_setting_pembayaran` int(11) NOT NULL,
  `id_unit_pendidikan` int(11) NOT NULL,
  `id_tahun_ajaran` int(11) NOT NULL,
  `id_tipe_pembayaran` int(11) NOT NULL,
  `nominal` int(11) NOT NULL
) ENGINE=InnoDB DEFAULT CHARSET=latin1;

--
-- Dumping data untuk tabel `setting_pembayaran`
--

INSERT INTO `setting_pembayaran` (`id_setting_pembayaran`, `id_unit_pendidikan`, `id_tahun_ajaran`, `id_tipe_pembayaran`, `nominal`) VALUES
(1, 1, 1, 1, 430000),
(2, 1, 1, 2, 100000),
(4, 1, 1, 6, 1300000),
(5, 1, 1, 7, 100000),
(6, 1, 1, 8, 15000),
(7, 1, 1, 9, 80000),
(8, 1, 1, 10, 100000),
(9, 1, 1, 11, 450000),
(13, 3, 1, 14, 250000),
(14, 3, 1, 15, 250000),
(15, 1, 1, 15, 250000),
(16, 1, 1, 14, 250000),
(17, 1, 2, 1, 300000);

-- --------------------------------------------------------

--
-- Struktur dari tabel `setting_pembayaran_psb`
--

CREATE TABLE `setting_pembayaran_psb` (
  `id_setting_pembayaran_psb` int(11) NOT NULL,
  `id_unit_pendidikan` int(11) NOT NULL,
  `id_tahun_ajaran` int(11) NOT NULL,
  `id_tipe_pembayaran` int(11) NOT NULL,
  `nominal` int(11) NOT NULL
) ENGINE=InnoDB DEFAULT CHARSET=latin1;

-- --------------------------------------------------------

--
-- Struktur dari tabel `siswa`
--

CREATE TABLE `siswa` (
  `id_siswa` int(11) NOT NULL,
  `nis` varchar(100) NOT NULL,
  `nama_siswa` varchar(100) NOT NULL,
  `tempat_lahir` varchar(100) NOT NULL,
  `tanggal_lahir` date NOT NULL,
  `nama_ortu` varchar(100) NOT NULL,
  `alamat` text NOT NULL,
  `id_unit_pendidikan` int(11) NOT NULL
) ENGINE=InnoDB DEFAULT CHARSET=latin1;

--
-- Dumping data untuk tabel `siswa`
--

INSERT INTO `siswa` (`id_siswa`, `nis`, `nama_siswa`, `tempat_lahir`, `tanggal_lahir`, `nama_ortu`, `alamat`, `id_unit_pendidikan`) VALUES
(1, '7314', 'Abdi Amiral Afsal', 'Makassar', '2003-10-15', 'Fahrur Zaenudin', 'Asrama Wiratama Blok K 45 No 40 Pudak Payung ', 3),
(2, '7315', 'Adhitya Iman Ramadhan', 'Semarang', '2004-10-28', 'Listiyono', 'Gang Maerasari No. 23 RT 4 RW 2 Tembalang', 3),
(3, '7316', 'Adinda Annisa Raffah', 'Semarang', '2004-01-04', 'Pujianto', 'Jl. Kepodang Timur III/B-123 RT 4 RW 12 Pudak Payung', 3),
(4, '7317', 'Akbar Nur Rochman', 'Semarang', '2003-12-27', 'Saifoel Bachri', 'Jl. Kepodang Raya A-100 RT 1 RW 14 Pudakpayung', 3),
(5, '7318', 'Alya Nasywa Ramadhany', 'Kabupaten Semarang', '2004-10-17', 'Djari', 'Jl. Bima II No. 7 Rt. 7 Rw. 10 Mapagan Ungaran', 3),
(6, '7319', 'Anisa Novia Ramadhani', 'Semarang', '2003-11-13', 'Sudiarto', 'Candi Karangpanas 736 RT 6 RW 1 Jatingaleh Candisari Tembalang', 3),
(7, '7320', 'Anissetya Maharani F', 'Semarang', '2003-12-25', 'Rasidjan', 'Tembalang RT 6 RW 4 Tembalang', 3),
(8, '7321', 'Ariq Farhan Althaf', 'Magelang', '2004-03-26', 'Nurdi Adi Windaka', 'Perum Kartika Asri Rt. 5 Rw. 15 ', 3),
(9, '7322', 'Asok Ilzhan Nasuda', 'Boyolali', '2002-01-25', 'Sudarmi', 'Karanganyar Banyumanik RT 1 RW 1 Banyumanik', 3),
(10, '7323', 'Devan Pradana Putra', 'Semarang', '2003-09-13', 'Sardi Mulyono', 'Jl. Menoreh Tengah XII Sampangan Gajah Mungkur', 3),
(11, '7324', 'Egi Junaidi', 'Semarang', '2004-03-05', 'Aang Junaidi', 'Perum Gedawang Pesona Asri Blog G No. 2 Gedawang', 3),
(12, '7325', 'Fara Fatika Aprisekawati', 'Semarang', '2004-04-25', 'M. Eko Soesanto', 'Perum Gedawang Pesona Asri II No. 3 RT2 RW 8 Gedawang', 3),
(13, '7326', 'Febryan Bima Ristin Akbar Satriawan', 'Kendal', '2004-02-01', 'Aries Muryadi', 'Jalan Waru Timur No. 29 Pedalangan', 3),
(14, '7327', 'Hardian Nur Aisya', 'Semarang', '2003-12-31', 'Hari Kristiyono', 'Kepodang Timur I/B-15 RT 1 RW 12 Pudakpayung', 3),
(15, '7328', 'Irham Sidiq ', 'Bandung', '2005-03-31', 'Idang Ismail', 'Mess Zonet No. 6 Wiratama Jl. Perintis Kemerdekaan', 3),
(16, '7329', 'Jelita Ayu Puspita', 'Semarang', '2004-07-09', 'Kusno', 'Plasansari Rt. 04 Rw. 09 Srondol Kulon Banyumanik', 3),
(17, '7330', 'Kinanti Rosfi', 'Semarang', '2003-11-21', 'Pribadi', 'Bangunharjo Banyumanik Rt. 04 Rw. 05', 3),
(18, '7331', 'Kurnia Sando Pradana', 'Semarang', '2003-10-23', 'Widodo', 'Bukit Cemara Indah II C b 14, Meteseh', 3),
(19, '7332', 'Maharani Citradewi', 'Semarang', '2004-05-06', 'Panut Sugihno', 'Perum Kartika Asri Blok A 4 No. 11 Pudakpayung', 3),
(20, '7333', 'Muhammad Agung Senoaji', 'Semarang', '2004-02-12', 'Edi Sugiarto', 'Asrama Ex Brigif V Rt. 02 Rw. 03 Srondol Wetan', 3),
(21, '7334', 'Novita Sari', 'Semarang', '2002-10-07', 'Ruslan', 'DK. Kedungsari Rt. 03 Rw. 08 Kel. Rowosari Kec. Tembalang', 3),
(22, '7335', 'Puteri Aprilinda Dewi', 'Semarang', '2004-04-11', 'Isnanto', 'Gondang Barat II No. 38', 3),
(23, '7336', 'Ramadhandi Raihan Fatih Wiyanto', 'Kabupaten Semarang', '2003-11-08', 'Teguh Wijayanto', 'Bumirejo Pudak Payung Rt. 06 Rw. 06 ', 3),
(24, '7337', 'Selfany Yohandoko', 'Semarang', '2002-02-09', 'Heksi Handoko', 'Bukit Kelapa Kopyor III/BH-24 RT 1 RW 4 Meteseh Tembalang', 3),
(25, '7338', 'Sevina Agustine', 'Semarang', '2004-08-01', 'Nardi', 'Jl. Gondang Barat 1 No. 4 Tembalang', 3),
(26, '7339', 'Shinta Widya Sari', 'Semarang', '2004-04-27', 'Widodo', 'Srondol Kulon Rt. 02 Rw. 07 Banyumanik', 3),
(27, '7340', 'Teuku Firdaus Satria Indiarto', 'Madiun', '2003-09-15', 'Sudarto', 'Asrama Brigif V K 38 / 4 RT 3 RW 3 Srondol Kulon', 3),
(28, '7341', 'Triska Amilia Savira', 'Semarang', '2004-01-16', 'Hartono', 'Jl. Kepodang Timur VII/B-217 RT 7 RW 12 Pudakpayung Banyumanik', 3),
(29, '7342', 'Adinda Hanifah Nur Fadhilah', 'Semarang', '2004-04-20', 'Ari Supriyanto', 'Jl. Sirojudin Gang Arjuna No. 8A Rt 02/Rw 03 Tembalang', 3),
(30, '7343', 'Akbar Ibnusina Caesar', 'Kab. Semarang', '2003-12-01', 'Suhono', 'Desa Leyangan Rt. 01 Rw. 01 Ungaran Timur', 3),
(31, '7344', 'Anisa Ayunda Kintasari', 'Semarang', '2004-08-28', 'Masdari', 'Jl. Temu Giring Rt 4 Rw 4 Banyumanik', 3),
(32, '7345', 'Anniza Ayu Berlianna Citra Della', 'Semarang', '2004-06-30', 'Waluyo', 'Jl. Baskoro No. 69 Rt. 03 Rw. 07 Tembalang', 3),
(33, '7346', 'Catur Muhammad Rossi Papalangi', 'Makassar', '2003-03-24', 'Istejo', 'Jl. Rumpun Diponegoro VI/88 D RT 3 RW 7 Banyumanik', 3),
(34, '7347', 'Danu Putra Ardiyan', 'Klaten', '2003-06-24', 'Sukardi', 'Perum Kartika Asri Blok B2 No. 10 RT 4 RW 15 Pudak Payung', 3),
(35, '7348', 'Dea Destalia Nanar', 'Semarang', '2003-12-24', 'R. Nanar arif Joko Waluyo', 'Graha Sendangmulyo Blok EE-II No. 1 RT 1 RW 26 Sendangmulyo', 3),
(36, '7349', 'Eden Liviany Hartanto', 'Kabupaten Semarang', '2004-05-14', 'Sutanto', 'Pudak Payung RT 6 RW 4', 3),
(37, '7350', 'Elvy Faza Pridyana', 'Semarang', '2004-05-15', 'Ngudiyono', 'Jl. Mulawarman Selatan RT 5 RW 2 Jabungan', 3),
(38, '7351', 'Esadhipa Raif Syihabuddin', 'Kabupaten Semarang', '2002-12-10', 'Mulus Budianto', 'Jl. Tanjung Sari I RT 08 RW 02 Sumurboto', 3),
(39, '7352', 'Firman Apriansyah El Nurahman', 'Kab. Semarang', '2002-04-26', 'Surahman', 'Grafika Widya Graha 2 RT 4 RW 10 Gedawang Banyumanik', 3),
(40, '7353', 'Ganis Ayunda Priyani', 'Demak', '2004-09-17', 'Supriyono', 'Jl. Durian Utara III Rt. 03 Rw. 02 Srondol Wetan Pedalangan', 3),
(41, '7354', 'Grace Marveline Lucky Hantiono', 'Semarang', '2004-03-28', 'Lucky Yohanes Siswandi', 'Jl. Sendang Elo No. 19 Rt. 01 Rw. 02 Banyumanik Semarang', 3),
(42, '7355', 'I Bagus Kurnia Prabuningrat', 'Semarang', '2004-01-31', 'Andri Hananto', 'Jl. Bendo No. 4 A Banyumanik', 3),
(43, '7356', 'Ika Diyansari', 'Semarang', '2004-01-13', 'Kasmian', 'Srondol Kulon Rt. 04 Rw. 07', 3),
(44, '7357', 'Insania Maharani', 'Demak', '2004-03-07', 'Abdul Salim', 'Sumberejo RT 2 RW 8 Mranggen Demak / Jl. Banjarsari tembalang', 3),
(45, '7358', 'Maria Cornellysta Putri Bintoro', 'Semarang', '2004-01-14', 'Petrus Dimas Satriyo Bintoro', 'Asrama Brimob Gombel RT 1 RW 6 Tinjomoyo Banyumanik', 3),
(46, '7359', 'Marisha Fitriany', 'Kabupaten Semarang', '2003-11-25', 'Margono', 'Graha Sapta Asri Jl. Tembalang Selatan III / No. 81', 3),
(47, '7360', 'Mita Amelia Andreani', 'Kendal', '2004-04-07', 'Muh. Fauzan', 'Jl. Ace No. 33 B Srondol Wetan Banyumanik', 3),
(48, '7361', 'Revalino Ghani Noer Arifin', 'Semarang', '2004-08-11', 'Zaenal Arifin', 'Banjarsari gg Almanar 35-B RT 2 RW 1 Tembalang', 3),
(49, '7362', 'Roy Isa Asshiddiqy', 'Semarang', '2004-12-25', 'Sukamto', 'Jl. Durian Dalam Srondol II No. 28 RT 6 RW 1 Srondol Wetan', 3),
(50, '7363', 'Sandy Cahyo Utomo Ilham', 'Semarang', '2004-04-15', 'Ahmad Widodo', 'Jl. Prof Suharso No. 07', 3),
(51, '7364', 'Sekar Ayu Lestari', 'Batam', '2004-09-29', 'Sobichim', 'Jl. Timoho Timur IV RT 4 RW 3 Bulusan Tembalang', 3),
(52, '7365', 'Titan Proxy Putra Jaya', 'Semarang', '2003-09-26', 'Tri Warsono', 'Perum Kartika Asri Blok C/5 No. 20 RT 2 RW 15 Pudak Payung Banyumanik', 3),
(53, '7366', 'Tri Septiani', 'Semarang', '2004-09-26', 'Supriyati', 'Jl. Glintingan RT 2 RW 1 Gedawang', 3),
(54, '7367', 'Valentina Duwandha Az-Zahra', 'Semarang', '2004-07-14', 'Sugiyat', 'Jl. Timoho Barat III', 3),
(55, '7368', 'Violita Stefani Chistina', 'Semarang', '2004-08-31', 'Nuryanto', 'Jl. Timoho Raya 270 Tembalang', 3),
(56, '7369', 'Yunita Setyo Pawestri', 'Kabupaten Semarang', '2003-06-11', 'Samidi', 'Jl. Pramuka Pudakpayung Rt. 08 Rw. 01', 3),
(57, '7370', 'Arya Maulana Wibowo', 'Semarang', '2002-05-01', 'Edy Wibowo', 'Jl. Cinde Dalam No. 70 Rt. 07 Rw. 05', 3),
(58, '7371', 'Baskoro Mulia Luhur', 'Semarang', '2004-07-08', 'Sambari', 'Jabungan RT 001 / RW 003', 3),
(59, '7372', 'Berto Tri Setiyono', 'Semarang', '2003-10-30', 'Kasyono', 'Jl. Mulawarman V Rt. 01 Rw. 02 Kramas Tembalang', 3),
(60, '7373', 'Bryan Yasyid Maulana', 'Semarang', '2003-03-02', 'Sulistia Wibi Sunuk', 'Jl. Mulawarman Utara Dalam 2 No. 50 Tembalang', 3),
(61, '7374', 'Fadhilah Khoirunnisa', 'Klaten', '2003-11-01', 'Suyamto', 'Jl. Kunir Bangunharjo Barat Banyumanik Rt. 01 Rw. 05', 3),
(62, '7375', 'Fajar Adeyulyawan', 'Semarang', '2001-07-14', 'Achmad Safrudin', 'Jl. Mangga Dalam Selatan Rt. 07 Rw. 02', 3),
(63, '7376', 'Farid Maqbullah Ahnaf', 'Semarang', '2004-06-09', 'Supoyo', 'Jl. Durian Dalam No. 38 RT 3 RW 1 ', 3),
(64, '7377', 'Farida Nur Umami', 'Kendal', '2004-05-26', 'Suparjo', 'Jl. Yudhistira Raya No. 31 Mapagan', 3),
(65, '7378', 'Hafiz Al Azra R', 'Bandung', '2004-06-30', 'Zulmen', 'Jl. Rasamala V Banyumanik', 3),
(66, '7286', 'Kabhibur Rahman Novan', 'Semarang', '2002-03-16', 'Juwari', 'Tembalang', 3),
(67, '7379', 'Muhamad Aji Pangestu', 'Kab. Semarang', '2002-02-16', 'Muhamad Subkhan Pamuji', 'Pringapus RT 5 RW 3', 3),
(68, '7380', 'Muhammad Galih Pratama', 'Semarang', '2004-06-17', 'Supriyanto', 'Tembalang RT 1 RW 3', 3),
(69, '7381', 'Muhammad Zidan Saputra', 'Mataram', '2003-10-05', 'Setu Haryanto', 'Rt. 01/Rw 01 Srondol kulon Banyumanik', 3),
(70, '7382', 'Nita Imelia Andreani', 'Kendal', '2004-04-07', 'Muh Fauzan', 'Jl. Ace No. 33 B Srondol Wetan Banyumanik', 3),
(71, '7383', 'Reistanvika Dina Affantin', 'Klaten', '2004-01-18', 'Eko Harmanto', 'Jl. Kunir Rt. 01 Rw. 05 Banyumanik', 3),
(72, '7384', 'Rico Saputra', 'Semarang', '2003-12-05', 'Budi Wiyoso', 'Jl. Rasamala Barat II No. 151 RT 3 RW 4 Srondol Wetan', 3),
(73, '7385', 'Septian Agung Dwi Laksono', 'Semarang', '2003-09-16', 'Heri Agung Wijanarko', 'Jl. Gedawang Pesona Asri D7 RT 4 RW 7 Gedawang', 3),
(74, '7386', 'Septya Dwi Lestari', 'Jakarta', '2003-09-12', 'Suharno', 'Graha Kirana Kav. 01290 Jl. Mulawarman Selatan', 3),
(75, '7387', 'Sindhi Rahma Diana', 'Semarang', '2003-11-13', 'Yulianto', 'Jl. Mulawarman Barat I Rt. 01 Rw. 01 ', 3),
(76, '7388', 'Tezar Aris Prabowo', 'Boyolali', '2002-03-26', 'Wardiyanto', 'Srondol Kulon Rt 8 /Rw 02 Banyumanik', 3),
(77, '7389', 'Tina Salmaina', 'Ciamis', '2004-06-09', 'Sebudiroso', 'Perum Kepodang Asri No. 12B RT 8 RW 1 Bandarjo Ungaran Barat', 3),
(78, '7390', 'Afif Udin Afandi', 'Banjarnegara', '2004-03-31', 'Sarjono', 'Jl. Sumurboto Barat I RT 4 RW 3 Sumurboto Banyumanik', 3),
(79, '7391', 'Ananda Wijaya Kusuma', 'Semarang', '2002-05-09', 'Ujuk Sutardi', 'Villa Krista Blok B-7 RT 1 RW 9 Gedawang Banyumanik', 3),
(80, '7392', 'Auliya Khoirun Nisa', 'Semarang', '2004-07-04', 'Kosmianto', 'Jl. Jatingaleh Trangkil Rt. 04 Rw. 02 Ngesrep', 3),
(81, '7393', 'Bagas Dika Atmaja Zain', 'Semarang', '2003-12-17', 'Muh Zaeni', 'Gedawang RT 2 RW 2 Gedawang Banyumanik', 3),
(82, '7394', 'Dea Rahma Claresta', 'Semarang', '2003-09-10', 'Sapto Pujo Winarko', 'Gedawang Pesona Asri F12 B ', 3),
(83, '7395', 'Evana Anjlika Sherli Marga Retha', 'Kabupaten Semarang', '2004-04-23', 'Warto Wisnu Wardana', 'Kalikayen Rt. 02 Rw. 01', 3),
(84, '7396', 'Galang Basetti Grahyamahesa', 'Semarang', '2004-06-06', 'Setyoko', 'Tembalang RT 2 RW 3 Tembalang', 3),
(85, '7397', 'Handiko Ikhsan', 'Semarang', '2003-07-31', 'Sukarno', 'Timoho Timur 3 RT 4 RW 3 Bulusan', 3),
(86, '7398', 'Lirista Putri', 'Semarang', '2003-12-14', 'Rita Ristiyan Rini ', 'Jl. Bangunharjo Rt. 07 Rw. 05 Banyumanik', 3),
(87, '7399', 'Muhammad Nur Hidayat', 'Makassar', '2003-03-07', 'Muhammad Sanusi', 'Jln. Jati Raya No. 2 Banyumanik', 3),
(88, '7400', 'Nico Dwi Septiawan', 'Semarang', '2003-09-13', 'Djoko Hernawan', 'Jalan Gondang timur Rt1/RW2 Bulusan, Tembalang', 3),
(89, '7401', 'R. Rafli Putra Pratama Herinandi', 'Semarang', '2004-09-22', 'R. Dwi Herinandi', 'Jl. Potrosari Balai Desa No. 30 Rt 1 rw 2 Srondol Kulon', 3),
(90, '7402', 'Rania Putri Safira', 'Balikpapan', '2004-06-09', 'Ignatius Wiwoho', 'Anugrah Grafika Residen No. 11 ', 3),
(91, '7403', 'Ria Dwi Anggreni', 'Semarang', '2004-02-02', 'Edi Moeljowarno', 'Gedawang RT 2 RW 3 Gedawang', 3),
(92, '7404', 'Ridho Amaajid', 'Semarang', '2003-07-01', 'Edy Triyono Budi', 'Villa P 4A Blok C No. 2', 3),
(93, '7405', 'Rizki Kurniawan', 'Demak', '2004-07-11', 'Sandimin', 'Pedalangan RT 2 RW 1', 3),
(94, '7406', 'Royafi Ahmad Maulana', 'Bojonegoro', '2003-12-07', 'Rusdi Achmadi', 'Jl. Gondang Timur II Rt. 01 Rw 02 Bulusan', 3),
(95, '7407', 'Septian Ardy Saputra', 'Semarang', '2003-09-17', 'Agus Prasetyo', 'Jl. Taman Durian III', 3),
(96, '7408', 'Shayna Alethea Rengganis', 'Semarang', '2002-05-17', 'Anggono Lisiantoro', 'Jl. Gombel Permai XIV/453 RT 4 RW 7 Ngesrep Banyumanik', 3),
(97, '7409', 'Sinatrya Hafiz', 'Jakarta', '2003-09-29', 'Sumaryono', 'Jl. Ngesrep Barat III Rt. 02 Rw 09', 3),
(98, '7410', 'Syara Ameria Lestari', 'Kab. Semarang', '2004-05-13', 'Jumaeri', 'Kalikayen Rt. 01 Rw. 02', 3),
(99, '7189', 'Abi Yazid Surendra Santosa', 'Semarang', '2002-07-10', 'Agus Santoso', 'Jl. Sumurboto 2 No. 29', 3),
(100, '7190', 'Agelia Rizky Jayanti', 'Ambon', '2005-08-20', 'Agung Rejeki', 'Asrama Wiratama Jl. Tympani Blok K No. 51', 3),
(101, '7191', 'Anang Waskitho Wibowo', 'Semarang', '2003-08-09', 'Kalimin', 'Perum Kartika Asri Blok A-4/16', 3),
(102, '7309', 'Arya Bima Dirgantara', 'Semarang', '2002-09-12', 'Budi Utomo', 'Jl. Kyai Mojo No.43', 3),
(103, '7192', 'Aswara Nanda Setyaningrum', 'Semarang', '2002-08-02', 'Agus Supriyanto', 'Jl. Sendang Elo', 3),
(104, '7193', 'Attila Alfiyanti Widiaputri', 'Semarang', '2003-06-21', 'Widodo', 'Jl. Ngesrep Barat IV No. 29', 3),
(105, '7194', 'Choirul Anam Laputra Pratama', 'Semarang', '2003-01-11', 'Damsi', 'Temugiring', 3),
(106, '7195', 'Devano Ardiansyah', 'SEMARANG', '2003-03-01', 'DAMSUKI', 'GONDANG TIMUR II/24', 3),
(107, '7196', 'Devina Carolline Suzan', 'Kabupaten Semarang', '2003-07-19', 'Adon Alfianto', 'Jl. Puri Utama D1 No.7', 3),
(108, '7197', 'Dian Yuantokusumo', 'Semarang', '2002-06-26', 'Dona Irawan', 'Trunojoyo', 3),
(109, '7199', 'Irsyad Bima Ardhiansyah', 'Semarang', '2003-04-26', 'Harjono', 'Jl. Kepodang Timur I B/43', 3),
(110, '7201', 'Lintar Arief Maulana', 'Semarang', '2003-05-01', 'Djony Setiyawan', 'Kaligarang Atas VII', 3),
(111, '7202', 'Mahendra Alvinno Saputra', 'Kabupaten Grobogan', '2003-04-20', 'Moh.Sunarlan', 'Mulawarman V', 3),
(112, '7203', 'Mayrza Nur Rizky', 'Semarang', '2003-05-24', 'Achmad Noor Sholichin', 'Jl. Kepodang Timur IV No.136', 3),
(113, '7204', 'Muhammad Ridho Dhafa', 'Semarang', '2002-10-23', 'NURDI PASHERI', 'Puri Utama V D5/10', 3),
(114, '7205', 'Nabila Dwi Cahaya', 'Semarang', '2003-08-15', 'Sunariyadi', 'Gg. Margoyoso No. 85 Rt. 03 Rw. 03 ', 3),
(115, '7206', 'Nabila Putri Zharifa Pramu Diva', 'Semarang', '2003-04-11', 'Setiyanto Pramu', 'Jl. Bukit Merpati II-G05/ No. 3', 3),
(116, '7207', 'Natia Tresna Putri', 'Tangerang', '2003-05-24', 'Herman Sunarman', 'Jl. Cemara Raya No. 16 Padangsari', 3),
(117, '7208', 'Nirmala Destri Safita', 'Semarang', '2002-12-29', 'Sapariyono', 'Karanganyar', 3),
(118, '7209', 'Raihan Muhammad Mumtaza', 'Surakarta', '2003-06-12', 'Insinyur Hartono', 'Branti Raya B-29 Perumahan Niti Buana', 3),
(119, '7210', 'Resarsyah Arrayandi', 'MALANG', '2003-11-10', 'BAMBANG RAHYONO', 'BUKIT CEMARA MUSTIKA DF-5', 3),
(120, '7211', 'Rofiq Aji Saputro', 'Semarang', '2003-02-25', 'Rapi''i', 'Tanjungsari', 3),
(121, '7212', 'Rosiana Rachim', 'SEMARANG', '2002-08-06', 'SURIPNO', 'JL TEMU LAWAK', 3),
(122, '7213', 'Selvina Eka Ariyanti', 'Rembang', '2003-11-18', 'Karnoto', 'Aspol Gedawang Blok D-2', 3),
(123, '7214', 'Angga Herdiawan Barus', 'KANDIBATA', '2002-06-02', 'F. BARUS', 'Jl. Kalingga Dalam No. 23', 3),
(124, '7215', 'Arkan Rafi Permana', 'SEMARANG', '2003-06-10', 'FAHRUR', 'PERUM BUKIT LEYANGAN  DAMAI RAYA N0. 51', 3),
(125, '7216', 'Arsy Nur Islamandani', 'Semarang', '2002-11-28', 'Sukidi', 'Jl. Kenanga No.11', 3),
(126, '7217', 'Bagriyanto Setiawan', 'Semarang', '2002-06-21', 'Fitri Supriyanto', 'Perum Kartika Asri Asabri Blok C5 No.3', 3),
(127, '7218', 'Chandra Hadi Kusuma', 'Semarang', '2002-04-19', 'Andreas andi Kurniawan', 'Rengas I No.267', 3),
(128, '7219', 'Chavedra Liora Irena Zalika', 'Semarang', '2004-01-27', 'Ade Zulham', 'Kramas', 3),
(129, '7220', 'Erlangga Danuar Chaniago', 'SEMARANG', '2003-03-26', 'DANU ISMIARTO', 'jl. Perintis Kemerdekaan No. 52', 3),
(130, '7221', 'Fatah Arrasyid', 'SEMARANG', '2002-03-19', 'RUSWANTO', 'DINAR MAS VIII No.07', 3),
(131, '7222', 'Hanum Sari Robecca Poilema', 'KAB. SEMARANG', '2002-10-08', 'HAJI POILEMA', 'KOMPLEK PENERBAD H-60', 3),
(132, '7223', 'Helmina Putri Kintamani', 'Semarang', '2003-01-28', 'Ardlohu Yuhud Sanakeh', 'Jl. Mulawarman Selatan Pule Sari', 3),
(133, '7224', 'Ikhsanul Akmal', 'KAB.KUDUS', '2003-07-24', 'SUHARYOSO', 'JL. WARU I 224', 3),
(134, '7225', 'Lisa Ayu Damayanti', 'BANDUNG', '2003-04-21', 'PARNO', 'Perum Penerbad K-38 No. 10', 3),
(135, '7226', 'Lucky Rangga Sadewa', 'Semarang', '2003-05-30', 'Sugiyarto', 'Gedawang', 3),
(136, '7227', 'Muhammad Sesarandi Ardamar', 'Semarang', '2003-04-28', 'Ariyanto', 'Villa Krista K-7', 3),
(137, '7228', 'Mutiara Nurhabibah Armyanto', 'PALEMBANG', '2003-08-21', 'PUJIANTO', 'Asrama Wiratama k-45 No. 61', 3),
(138, '7229', 'Nabila Rasuna Paramita', 'Semarang', '2003-05-18', 'BASUNO', 'Jabungan', 3),
(139, '7230', 'Nandito Savilo', 'Semarang', '2003-06-29', 'Widayanto', 'Tanjungsari', 3),
(140, '7231', 'Naraya Dinda Pengesti', 'Semarang', '2003-07-10', 'Ariestianto Adhy Nugroho', 'Gaharu Barat Dalam III No.399', 3),
(141, '7232', 'Silvia Anugrah Eka Caya', 'SEMARANG', '2003-08-01', 'CATUR', 'ASR. WIRATAMA K45/41', 3),
(142, '7233', 'Sylvana Alya Azizah', 'Semarang', '2003-10-15', 'Amat Agus', 'Gedawang', 3),
(143, '7234', 'Ulya Fatkhiyatul Khasanah', 'SEMARANG', '2003-05-29', 'SURURI', 'GEDAWANG', 3),
(144, '7235', 'Vanisa Anggilia Putri', 'WONOGIRI', '2003-05-04', 'SUNARNO', 'GEDAWANG PERMAI BLOK B/8', 3),
(145, '7236', 'Vega Ellysya Hellend Oktaviona', 'Kabupaten Semarang', '2002-10-14', 'Agung Heksanto', 'Jl. Kunci No.35', 3),
(146, '7237', 'Wahyu Diyah Wulandari', 'Semarang', '2004-02-02', 'Yus Sabar Sugiyono', 'Sendang Pakel Raya No.4', 3),
(147, '7238', 'Welly Ananda Latufariza', 'Karanganyar', '2003-01-07', 'Harjono', 'Pudakpayung', 3),
(148, '7239', 'Yogyana Anggun Puspitasari', 'Kab. Semarang', '2003-06-26', 'Agus Mas''ud', 'Kalikayen Rt. 03 Rw. 02 Lengkong Sari Kec. Ungaran Timur', 3),
(149, '7240', 'Ananda Muhammad Tsany', 'SEMARANG', '2002-10-06', 'SABUR KOTO', 'TANJUNG SARI  I  NO. 20', 3),
(150, '7242', 'Arifia Aminatuz Zuhriya', 'Semarang', '2002-07-03', 'Ahmad Wahidi', 'DK. Kebuntaman Rt. 03 Rw. 09 Rowosari Tembalang Semarang', 3),
(151, '7243', 'Aulia Tiara Putri', 'Semarang', '2003-01-28', 'Sumariyatno', 'Jl. Srondol Kulon', 3),
(152, '7244', 'Ayu Wining Ramawati', 'Semarang', '2003-08-16', 'MASDUKI', 'Jabungan', 3),
(153, '7245', 'Dania Febrin Brilliana', 'Semarang', '2003-02-27', 'Iswardi Hery Sunarto', 'Jl. Cemara IV No.17', 3),
(154, '7246', 'Dentha Bintang Pratama', 'SEMARANG', '2003-06-12', 'BAMBANG SUPRAYITNO', 'Perum Delta Asri 5 Blok A6 / 5', 3),
(155, '7247', 'Deviananda Anggreini', 'Semarang', '2002-10-10', 'Juwarno', 'Mulawarman Selatan II / 104', 3),
(156, '7248', 'Dian Rizky Febriana', 'SEMARANG', '2003-02-22', 'EDDY KISNO', 'PERUM GEDAWANG PERMAI I BLOK H-1', 3),
(157, '7251', 'Halwa Nagata Riyono', 'SEMARANG', '2003-12-07', 'BAMBANG RIYONO', 'SRONDOL KLN', 3),
(158, '7252', 'Indra Putra Pratama', 'Semarang', '2003-07-17', 'Sugiarto', 'Jl. Merbau III 148', 3),
(159, '7253', 'Jennie Amartha Dhea', 'Semarang', '2003-06-02', 'Winarno', 'Jl. Mulawarman No. 1', 3),
(160, '7254', 'Jessica Frinza Luvanbara', 'Kabupaten Semarang', '2003-02-13', 'Supriyono', 'Pudakpayung', 3),
(161, '7255', 'Lina Az Zahrah', 'Semarang', '2003-07-17', 'Arif Budiyono', 'Baskara', 3),
(162, '7256', 'Melati Sukma Dewi', 'SEMARANG', '2003-01-27', 'SAIT', 'TIMOHO TIMUR III', 3),
(163, '7257', 'Muhammad Arya Akbar Prabowo', 'Semarang', '2003-11-26', 'Kusyanto', 'Sumurboto I Barat No.12A', 3),
(164, '7259', 'Nadiya Qonitah', 'SEMARANG', '2002-09-11', 'HARYONO', 'JL. BULUSARI', 3),
(165, '7260', 'Nafila Putri Hidayah', 'Semarang', '2003-06-17', 'Margiyono', 'Tembalang', 3),
(166, '7261', 'Najwa Vajiva Rovindra', 'Jayapura', '2002-12-26', 'Rofiq', 'Bukit Merpati I', 3),
(167, '7262', 'Reihan Duta Samudera', 'Jakarta', '2003-03-15', 'Hery Purnomo', 'Damar Timur Dalam II/323', 3),
(168, '7263', 'Restu Parayoga', 'BREBES', '2001-10-29', 'WAHIDIN', 'Banjarharjo', 3),
(169, '7264', 'Salman Alfarizi', 'Duri', '2001-10-20', 'Herman', 'Banjarsari Selatan', 3),
(170, '7265', 'Sendy Dwi Ristanto', 'Palangka Raya', '2003-05-01', 'Karis', 'Jl. Mulawarman Timur Dalam I', 3),
(171, '7266', 'Silvia Ardiana Putri', 'Semarang', '2002-03-26', 'Purnomo', 'Gaharu Utara Dalam III/55', 3),
(172, '7267', 'Sofira Nabila', 'SEMARANG', '2004-01-20', 'AGUSTONO KARYADI', 'JL Damar Barat II', 3),
(173, '7268', 'Tegar Ibrahim', 'Semarang', '2002-06-15', 'Yusuf Triyatno', 'Mulawarman Selatan Dlm', 3),
(174, '7269', 'Uswatun Hasanah', 'SEMARANG', '2002-12-06', 'AMIR SUBAIRI', 'SITALANG', 3),
(175, '7270', 'Vania Aurelly Setya Putri', 'Semarang', '2003-05-05', 'Erwan Susetyo', 'Jl. Potrosari Tengah', 3),
(176, '7271', 'Vinna Rahayu Enggarwati', 'Semarang', '2001-12-14', 'Subari', 'Kramas', 3),
(177, '7272', 'Yeremias Remon', 'Semarang', '1999-08-20', 'Edison Remon', 'Puri IV Blok F 1 No 26', 3),
(178, '7273', 'Yoesie Merdiana Herawati', 'Semarang', '2002-06-19', 'Yoyok Yoedhi Santoso', 'Waru Raya No.94', 3),
(179, '7311', 'Berthrand Adipratama', '', '0000-00-00', '', '', 3),
(180, '7274', 'Adam Jovankinedy', 'Kabupaten Semarang', '2001-11-04', 'Edi Widodo', 'Pudakpayung', 3),
(181, '7275', 'Adeya Alifqi Prakoso', 'Tangerang', '2003-02-18', 'Kariyoso', 'Jl. Timoho Bulusan', 3),
(182, '7276', 'Aisyah Nuraliya', 'Semarang', '2003-07-19', 'Bahruddin', 'Damar Barat III / 78', 3),
(183, '7277', 'Alley Oktorinanda Pratama', 'Semarang', '2001-10-03', 'Agung Kurniawan', 'Jl. Ngesrep Timur I', 3),
(184, '7278', 'Amanda Adistia', 'Semarang', '2003-04-20', 'Ady Priyanto', 'Puspanjolo Timur II No. 35 Cabean', 3),
(185, '7279', 'Aninda Yutia Megiza Febiola', 'Semarang', '2003-02-09', 'Dicky Ragil Nurwidjayanto', 'Perintis Kemerdekaan 20/10', 3),
(186, '7280', 'Devananda Anggreini', 'Semarang', '2002-10-10', 'Juwarno', 'Mulawarman Selatan II / 104', 3),
(187, '7281', 'Elen Sagita Sari ', 'Kab. Semarang', '2003-02-24', 'Sodik Rozain', 'Kalikayen Rt. 03 Rw. 03 Ungaran Timur Kabupaten Semarang', 3),
(188, '7282', 'Febrian Dwi Putra Pradana', 'Semarang', '2001-02-28', 'Eko Pramono', 'Jati Barat IV / 298', 3),
(189, '7283', 'Hilda Cahyaningrum', 'Semarang', '2003-07-08', 'Ngatimin', 'Kramas', 3),
(190, '7284', 'Ika Yulianti', 'Semarang', '2003-07-16', 'Rusno', 'Jl. Jurang Belimbing', 3),
(191, '7285', 'Ilham Sultansyah Hefnar', 'Semarang', '2002-12-19', 'Surono', 'Gg Belimbing 12 C', 3),
(192, '7287', 'Kevin Satria Gusvantoni', 'SEMARANG', '2002-08-19', 'SUPOMO', 'JL. ANJASMORO TENGAH IV RT 04/06 KARANGAYU SEMARANG', 3),
(193, '7288', 'Kharisma Aris Indah Anggriyani', 'Semarang', '2003-07-19', 'Arif', 'Tembalang', 3),
(194, '7289', 'Kharisma Dwi Lestari', 'Semarang', '2003-02-17', 'AHMAD NGISOM', 'Kebuntaman', 3),
(195, '7290', 'Luluk Silvi Anjani', 'SEMARANG', '2003-01-07', 'KARJONO', 'JABUNGAN', 3),
(196, '7291', 'Marella Vinda Tustika', 'Semarang', '2003-03-13', 'Novian Sendra Patriandono', 'Jl. Tawangsari 47/17', 3),
(197, '7292', 'Marshanda Agnamevia Wibowo', 'SEMARANG', '2002-09-04', 'AGUNG TRIWIBOWO', 'JL. SAWUNGGALING TIMUR 54', 3),
(198, '7293', 'Ma''ruf Setiardi', 'SEMARANG', '2003-06-06', 'NARDI', 'JL. GONDANG BARAT 1', 3),
(199, '7294', 'Muhamad Zidan Ponco Nugroho', 'Semarang', '2002-02-01', 'Wagino', 'Jl. Nangka No.9', 3),
(200, '7295', 'Muhammad Andrian Mutu', 'Lamongan', '2003-03-24', 'Muliyamat', 'Jl. Tusam Timur I No. 3', 3),
(201, '7296', 'Muhammad Izzan Altaf', 'Semarang', '2002-03-07', 'Gandung Indratno', 'Jl. Perintis Kemerdekaan No.241', 3),
(202, '7297', 'Nanda Putra Upaya Yuliadi', 'Semarang', '2003-04-11', 'Agung Yuliadi', 'Jodipati Barat no.32', 3),
(203, '7298', 'Nurul Fadila', 'SEMARANG', '2003-08-16', 'H.M.MUNIR', 'PEDALANGAN', 3),
(204, '7299', 'Rafli Arya Priananto', 'SEMARANG', '2003-05-16', 'PRIYANTO', 'JL. SUKUN I/35', 3),
(205, '7300', 'Sheena Amelia Novasa', 'Kendal', '2002-11-17', 'Mohammad Zen', 'Jl. Bukit Palma Blok U No. 4', 3),
(206, '7301', 'Shellycha Lusida Novianti', 'Kab Semarang', '2003-02-08', 'Suprayitno', 'Sikunir', 3),
(207, '7302', 'Shofia Ameiliana', 'KABUPATEN SEMARANG', '2003-05-19', 'EDI WASITO', 'PERUM KUTILANG SARI E14', 3),
(208, '7303', 'Sulekha', 'Semarang', '2003-02-13', 'Mohamad Ali Luddin', 'Jl Waru Timur Dalam', 3),
(209, '7304', 'Tiara Timur', 'Semarang', '2003-07-26', 'Kusnurjanto', 'Jl. Waru Timur Dalam II/39', 3),
(210, '7305', 'Yashinta Putri Maharani', 'Semarang', '2003-04-27', 'Heru Prasetya', 'Asrama Wiratama', 3),
(211, '7306', 'Yuniar Kurniawan Prasetya', 'Semarang', '2003-06-04', 'Yusri Nurwandi', 'Jl. Tirto Agung Barat III', 3),
(212, '7312', 'Naomi Intan Nur Aliyah', '', '0000-00-00', '', '', 3),
(213, '7313', 'Alvina Rosida Fitriani', '', '0000-00-00', '', '', 3),
(214, '7071', 'Abdil Reza Defilal Sukoco', 'Pemalang', '2002-08-11', 'Hari Sukoco', 'Jalan Merbau Selatan I No. 255 B', 3),
(215, '7072', 'Adelya Melati', 'Jakarta', '2002-04-28', 'Muji Pranoto', 'Jalan Cakra No. 27 Asrama Brimob', 3),
(216, '7073', 'Adrian Faizalsyah', 'Kab. Semarang', '2002-05-01', 'A. Syahri Ilmi', 'Jalan Banyumanik Barat No. 57-58', 3),
(217, '7074', 'Andre Nur Lutfiano', 'Semarang', '2001-07-05', 'Suparmin', 'Jl. Nangka No. 23', 3),
(218, '7075', 'Aryha Adjie Negara', 'Kabupaten Grobogan', '2002-07-26', 'Suryanto', 'Jalan Bukit Kafelia 2', 3),
(219, '7076', 'Devika Agung Permata', 'Kabupaten Grobogan', '2001-12-23', 'Agung Suroso', 'Pudak Payung Bumirejo', 3),
(220, '7077', 'Dimas Aditya Saputro', 'Jakarta', '2002-08-16', 'Deny Hendra Diyanto', 'Perum Korpri Prasetya Pudak Payung', 3),
(221, '7078', 'Dwi Firmansyah', 'Semarang', '2002-03-02', 'Wahyu Buntoro', 'Jl. Damar Barat II No. 70', 3),
(222, '7079', 'Elisa Tri Handayani Puji Astuti', 'Kab. Semarang', '2002-06-02', 'Darto', 'Kalikayen', 3),
(223, '7080', 'Exsa Mulya Syamridha', 'Semarang', '2002-06-24', 'Samu Jaswadi', 'Perum Gedawang Pesona Asri Blok E.11', 3),
(224, '7081', 'Fakih Noviana', 'Semarang', '2002-07-28', 'Suparto', 'Jabungan', 3),
(225, '7082', 'Maulana Hidayat', 'Semarang', '2002-05-26', 'Solechan', 'Jl. Mulawarman Kramas Dalam III', 3),
(226, '7083', 'Muhammad Fikri Ananda', 'Semarang', '2002-05-07', 'Rasidi', 'Jl. Tirto Agung Timur I', 3),
(227, '7084', 'Muhammad Ridho Dwi Prasetyo', 'Sintang', '2002-08-13', 'Satibi FS', 'Jl. Parit Haji Husein 2', 3),
(228, '7085', 'Nadia Calista Aprilia Mangulu', 'Semarang', '2002-04-11', 'Jhonly Herman Mangulu', 'Jl. Ulin Raya No. 229', 3),
(229, '7086', 'Nelzalita Iriane Maria M. T', 'Semarang', '2001-12-04', 'Elia Tebai', 'Jl. DUrian Selatan II C', 3),
(230, '7087', 'Putri Rahmawati', 'Grobogan', '2003-01-20', 'Rohmad', 'Jl. Tlogosari Buntu 2 No. 16 A', 3),
(231, '7088', 'Restu Bintang Ramadhan', 'Jakarta', '2001-12-02', 'Sugondo', 'Jl. Gaharu Barat Dalam IV / 209', 3),
(232, '7089', 'Riztu Duwi Saputra', 'Kab. Semarang', '2001-11-28', 'Solikhin', 'Jl. Saokurozzi', 3),
(233, '7090', 'Sandra Fitri Ayuningtyas', 'Semarang', '2001-12-30', 'Aprianda', 'Jl. Taman Puri 43/15', 3),
(234, '7091', 'Sukma Wulandari', 'Pontianak', '2002-01-29', 'Sutimin', 'Jl. Gaharu Raya No. 49', 3),
(235, '7188', 'Wira Andhika', '', '0000-00-00', '', '', 3),
(236, '7094', 'Bima Anggara', 'Semarang', '2000-05-25', 'Giyono', 'Mulawarman Selatan Dalam II', 3),
(237, '7095', 'Dea Aulia Putri', 'Talu', '2002-08-06', 'Bambang Adi Basuki', 'Jl. Alvita Indah Barat I/164 Watugong Indah', 3),
(238, '7097', 'Dini Regina Pingkan Alif Fazin', 'Kabupaten Semarang', '2001-12-15', 'Yayin', 'Gedawang', 3),
(239, '7098', 'Erri Rahayu Kurnia Sari', 'Kabupaten Semarang', '2002-01-20', 'Choir Chozin', 'Jl. Urip Sumoharjo', 3),
(240, '7099', 'Fadel Muchammad Afif Trianto', 'Kabupaten Semarang', '2001-02-20', 'Hardianto', 'Jl. Maospati II / 10', 3),
(241, '7100', 'Fadhillah Fatimah Zahroh', 'Semarang', '2002-09-14', 'Taufiq', 'Jl. Durian Dalam I No. 21', 3),
(242, '7185', 'Farhan En Rico Candra', 'KENDAL', '2000-10-20', 'A. ROFIK', 'MLATI NOROWITO IX', 3),
(243, '7101', 'Gusti Ayu Mimsin', 'Tegal', '2002-04-26', 'Hidayat', 'Karangrejo Utara Dalam VI', 3),
(244, '7102', 'Hanif Rizq Pamungkas', 'Purwokerto', '2000-10-07', 'Slamet', 'Jl. Gaharu Utara Dalam I No, 108', 3),
(245, '7308', 'I Made Alian Prayoga', 'TULUNG HARAPAN', '2002-10-01', 'I KETUT SURATMAJA', 'TULUNG HARAPAN', 3),
(246, '7103', 'Jonatan Ariaduta', 'Semarang', '2001-08-14', 'Sudarto', 'Jl. Rasamala Utara II No. 195', 3),
(247, '7104', 'Kiken Haqiqi', 'Semarang', '2002-04-24', 'Mujiono', 'Jl. Potrosari Balai Desa No. 11', 3),
(248, '7105', 'Muhammad Fauzan Fadhilah', 'Jakarta', '2001-09-22', 'Muhammad Ali', 'Perum Villa Krista Blok A1', 3),
(249, '7106', 'Muhammad Noval Belfast', 'Tegal', '2002-11-29', 'Ahmad Fatchun Ali', 'Jl. Gondang Barat II No. 4', 3),
(250, '7107', 'Nur Falaah Ramadhan', 'Semarang', '2001-12-15', 'Adhy Pranoto', 'Perum Villa Krista Blok B 3', 3),
(251, '7108', 'Pinkan Aulia Putri Pranowo', 'Semarang', '2001-11-23', 'Wahyu Dwijo Pranowo', 'Tembalang Raya No. 9', 3),
(252, '7109', 'Rahma Arrafi''a Sujarwo Putri', 'Kabupaten Semarang', '2002-08-03', 'Antok Sujarwo', 'Jl. Damar Timur Dalam III No. 370', 3),
(253, '7111', 'Riswan Dwiantoro', 'Bekasi', '2002-04-05', 'Bambang Siswanto', 'Jl. Potro Sari Balai Desa No. 14', 3),
(254, '7112', 'Salwa Isnaeni Herningtyas', 'Semarang', '2002-08-26', 'Heru Eko Prasetyo', 'Jl. Durian Dalam I No. 19 A', 3),
(255, '7113', 'Sarjuna Bintang Pamungkas', 'Kabupaten Semarang', '2001-07-23', 'Sutiman', 'Asrama Wiratama', 3),
(256, '7114', 'Satrio Allam Putro Utomo', 'Semarang', '2002-04-27', 'Andi Hendro Utomo', 'Jl. Keruing II No. 113', 3),
(257, '7115', 'Shelyna Pramesti', 'Semarang', '2001-09-18', 'Muslich Sudrajat', 'Jl. Karangrejo Raya No. 07', 3),
(258, '7116', 'Titania Adella Crista', 'Semarang', '2001-12-22', 'Karyanto', 'Jl. Bukit Sari 127 A', 3),
(259, '7117', 'Achmad Miftakhul Hudha', 'Semarang', '2002-01-21', 'Jakimin', 'Jl. Baskoro No. 77', 3),
(260, '7118', 'Aldo Dwi Saputra', 'Semarang', '2002-01-05', 'Munadi', 'Gedawang', 3),
(261, '7119', 'Aliffia Putri Andini', 'Semarang', '2002-10-31', 'Sutadi', 'Jl. Durian Gg Pongge', 3),
(262, '7120', 'Amara Julia Ratnaningsih', 'Semarang', '2000-07-10', 'Untung Surono', 'Jl. Payung Prasetya XIV No. 16', 3),
(263, '7121', 'Anindhita Sri Pujiani', 'Semarang', '2002-01-25', 'Misenun', 'Jl. Gaharu Barat Dalam IV / 191', 3),
(264, '7122', 'Anna Wurtiah', 'Kabupaten Semarang', '2002-03-25', 'Sarno', 'Jl. Muria Baru Raya No. 16', 3),
(265, '7123', 'Annisa May Zhesarani Pertiwi', 'Semarang', '2002-05-31', 'Hanto', 'Jl. Rowo Sari', 3),
(266, '7124', 'Artizza Vicky Rasta Maretta', 'Semarang', '2002-03-06', 'Anton Yuli Cahyo Utomo', 'Bukit Asri II Blok D No. 16', 3),
(267, '7125', 'Dhiyas Vonny Wulan Febriana', 'Semarang', '2002-02-23', 'Sukarman', 'Jl. Tusam Raya No. 208', 3),
(268, '7126', 'Dimas Aldi Setiawan', 'Semarang', '2001-01-09', 'Sunardi', 'Jl. Galangsewu Raya No. 109', 3),
(269, '7127', 'Dinda Annisha Kurnianingtyas', 'Semarang', '2001-07-20', 'Suprapto', 'Karangrejo Raya 624', 3),
(270, '7128', 'Divana Elsa Majida', 'Semarang', '2002-03-10', 'Budi Sudarmaji', 'Lempongsari Barat 564', 3),
(271, '7129', 'Faiz Satria Bayu Sakti', 'Kabupaten Semarang', '2001-11-08', 'Tri Ubaya Sakti', 'Jl. Kunir No. 8', 3),
(272, '7130', 'Febrian Rivangga Pujianto', 'Kabupaten Semarang', '2002-02-18', 'Agung Pujianto', 'Asrama Sat Brimob', 3),
(273, '7131', 'Fidiya Desta Rafatalita W', 'Semarang', '2002-12-13', 'Tri Widiyantoro', 'Jl. Muteran II No. 10 B', 3),
(274, '7132', 'Firman Dicky Syaputra', 'Semarang', '2002-01-24', 'Eman Sudirman', 'Jl. Waru Timur Raya No. 31', 3),
(275, '7133', 'Hari Tri Anggoro', 'Semarang', '2002-08-02', 'Sardi', 'Jl. Setuk Perum Payung Martani', 3),
(276, '7134', 'Irfan Yudi Prasetya', 'Semarang', '2001-06-18', 'Dwi Prasetyo Nugroho', 'Jl. Damar Barat II No. 5', 3),
(277, '7135', 'Lutfi Lailatun Nisa', 'Semarang', '2003-07-25', 'Kasnuri Nur Kholis', 'Jabungan', 3),
(278, '7136', 'Muhammad Rizieg Ali Syihab', 'Kabupaten Semarang', '2001-10-13', 'Zaedi', 'Jl. Sabuk Inten No. 8', 3),
(279, '7137', 'Naafil Rizki Aridiansyah', 'Semarang', '2002-11-04', 'Eko Budiono', 'Jl. Batan Miroto 01 /495-G', 3),
(280, '7138', 'Raffi Yusron', 'Semarang', '2002-05-23', 'Edy Triyono Budi', 'Perum Villa P4A Blok C No. 2', 3),
(281, '7139', 'Ratna Oktaviani', 'Semarang', '2002-10-15', 'Mudji Waluyo', 'DInar Mas Utara', 3),
(282, '7140', 'Renata Giovani Hertias', 'Salatiga', '2002-01-26', 'Heri Triyono', 'Jl. Ngsrep Barat IV/54', 3),
(283, '7142', 'Sena Arga Waluyo', 'Semarang', '2002-01-05', 'Giwaluyo', 'Mulawarman II', 3),
(284, '7143', 'Sri Wahyuni', 'Kab Semarang', '2001-01-12', 'Mulyadi', 'Gg Mangga Dalam', 3),
(285, '7144', 'Syahril Sajida', 'Kabupaten Semarang', '2002-07-31', 'Khusaini', 'Kalikayen', 3),
(286, '7145', 'Taufik Wicaksono', 'Semarang', '2000-10-08', 'Joko Sutopo', 'Jl. Durian Raya No. 59', 3),
(287, '7146', 'Theresiana Diffana Oqcita D. H', 'Semarang', '2000-10-09', 'Cahyono Herlambang', 'Perum Korpri Blok A-63', 3),
(288, '7147', 'Vanessa Yustin Arya', 'Semarang', '2002-09-03', 'Karjadi', 'Gedawang Krajan', 3),
(289, '7187', 'Zakariyya Hasan Asy Syafi''i', 'Semarang', '2003-03-26', 'Arif Nurcahyadi', 'Kalilateng', 3),
(290, '7148', 'Ageng Satria Kresna Murti', 'Jakarta', '2003-01-20', 'Sari Murdono', 'Jalan Durenan Indah', 3),
(291, '7149', 'Amella Novetama', 'Semarang', '2001-11-15', 'Andreas Aryono Edy', 'Rasamala Utara No. 73', 3),
(292, '7150', 'Anisa Kisthi', 'Semarang', '2002-07-02', 'Puri Hariadi', 'Jl. Gombel Permai VI No. 109', 3),
(293, '7151', 'Annisa Naila Farhanah', 'Semarang', '2000-09-20', 'Aris Adrianto', 'Jalan Mangga 10 B', 3),
(294, '7152', 'Dera Hanifah', 'Kabupaten Semarang', '2001-12-30', 'Trenggono', 'Pudak Payung', 3),
(295, '7153', 'Devilia Syahputra', 'Semarang', '2002-02-06', 'Devi Ariawan', 'Jl. Griya Payung Indah Blok G-5', 3),
(296, '7155', 'Dian Kharisma Purbosari', 'Semarang', '2002-05-14', 'Munarno', 'Jl. Kruing Barat Dalam II No. 69', 3),
(297, '7156', 'Dimyati Maelani', 'Kab Semarang', '2002-07-12', 'Juari', 'Kalikayen', 3),
(298, '7157', 'Dino Arif Triyan Tommi', 'Semarang', '2002-05-18', 'Arifin', 'Pudak Payung Prasetya II / 5', 3),
(299, '7158', 'Dita Puspita Dhewi', 'Lamongan', '2002-07-06', 'Totok Hargono', 'Payung Asri Regency Kav 32', 3),
(300, '7159', 'Favian Jaka Dewanta', 'Semarang', '2002-12-20', 'Warjaka', 'Payung Prasetya IV/2', 3),
(301, '7160', 'Febia Afiolla Anugrah Pramesti', 'Semarang', '2002-02-13', 'Pramono', 'Jl. Sirojudin', 3),
(302, '7161', 'Feri Rohmat Prasetyo', 'Semarang', '2001-02-12', 'Jarmin', 'Jl. Mulawarman', 3),
(303, '7162', 'Galuh Putra Pamungkas', 'Semarang', '2002-06-03', 'Sukino', 'Jl. Padang Dukuh', 3),
(304, '7163', 'Iqbal Bachtiar', 'Semarang', '2002-04-24', 'Slamet Mashuri', 'Jl. Khantil Sari', 3),
(305, '7164', 'Melisa Adenia', 'Semarang', '2002-10-20', 'Tahudin', 'Perum Pudakpayung Permai', 3),
(306, '7165', 'Mohamad Rizki Soleh Saputra', 'Kabupaten Jepara', '2001-11-23', 'Soleh', 'Jl. Karanganyar', 3),
(307, '7166', 'Muhamad Efendi', 'Semarang', '2001-07-27', 'Moh Maskan', 'Asrama Kodam IV DIponegoro', 3),
(308, '7167', 'Qodli Danial Qisthi', 'Semarang', '2002-06-22', 'Tri Suwarno', 'Jl. Damar Barat IV No. 102', 3),
(309, '7168', 'Rachmad Hidayat', 'Semarang', '2002-07-22', 'Saefudin', 'Jl. Galang Sewu Raya', 3),
(310, '7169', 'Rahmad Ryan Febriyanto', 'Temanggung', '2002-02-07', 'Shoimatun', 'Jl. Tirto Usodo Timur 27', 3),
(311, '7170', 'Rauda Almirhana', 'Semarang', '2002-02-16', 'Haris Maneko', 'Jl. Bumi Rejo', 3),
(312, '7186', 'Ristania Virila Briliansyah', 'Bogor', '2002-09-15', 'Dwi Budiyanto', 'Rumpun Diponegoro 8 No. 156', 3),
(313, '7171', 'Sanika Intamaya', 'Semarang', '2000-07-27', 'Marino', 'Meranti Barat Dalam IV No. 161', 3),
(314, '7172', 'Satria Erlangga Pratama', 'Semarang', '2002-10-13', 'Musafak', 'Jl. Ngesrep Timur VI/47', 3),
(315, '7173', 'Setiawan Adi Pamungkas', 'Semarang', '2000-10-10', 'Suyanto', 'Jl. Durian Dalam Selatan II', 3),
(316, '7174', 'Sinung Sasongko Djati', 'Semarang', '2002-04-04', 'Edi Sutoto', 'Jl. Gerungsari Bulusan', 3),
(317, '7175', 'Syahra Savanya Nevasaratu', 'Semarang', '2002-09-03', 'Meirza Iman', 'Jl. Diponegoro Perum Perwira', 3),
(318, '7176', 'Taufik Wahyu Nugroho', 'Semarang', '2002-05-19', 'Suratno', 'Jl. Durian Selatan Dalam 2 C', 3),
(319, '7177', 'Vira Putri Andini', 'Semarang', '2002-02-20', 'Kuat', 'Jl. Waru Timur I No. 19', 3),
(320, '7178', 'Wendy Ananda Radhita', 'Semarang', '2002-02-11', 'Hery Gunawan', 'Jl. Sukun II No. 21', 3),
(321, '7179', 'Yoga Dwi Nuzuantara', 'Semarang', '2002-04-12', 'Sarno', 'Jl. Kenanga Selatan', 3),
(322, '1517', 'ADRIANUS KRISANDY PAMUNGKAS', 'Semarang', '2003-05-27', 'Agus Widodo', 'Gedawang Pesona Asri Kav.6 03/07 Gedawang', 4),
(323, '1518', 'AFFIFAHUL NAFASYA CIKA ARIANI', 'Semarang', '2003-09-06', 'Catur Agus Fithriadhi', 'Kel. Kramas, RT 02/01 Tembalang', 4),
(324, '1519', 'AFRILLIA MERLINDA', 'Semarang ', '2004-04-14', 'Ari Miwarno', 'Jl. Rumpun Diponegoro III/21, Banyumanik', 4),
(325, '1520', 'AISYAH NAFISA OKTAVIANA', 'Semarang', '2002-10-13', 'Joko Mulyantono', 'Jl. Gaharu Barat Dalam IV/220 RT 05/09 Srondol Wetan Banyumanik', 4),
(326, '1521', 'ALMAIRA RATU A', 'Semarang', '2004-03-30', 'Agus Ariawan', 'Jl. Kenanga Selatan III Cluster Gedawang No.4 Gedawang', 4),
(327, '1522', 'ANDRIANA PUTRI KUSUMA DEWI', 'Semarang', '2003-03-29', 'Edy Guswantoro', 'Jl. Rasamala Barat 06/04 Srondol Wetan Banyumanik ', 4),
(328, '1523', 'ANNI ANDRIYANI', 'Semarang', '2005-03-06', 'Haji Supron', 'DK. Muntuksari, Rowosari, Tembalang', 4),
(329, '1524', 'BERLIAN CLEVER JULI ARNIATI', 'Kabupaten Semarang', '2004-07-03', 'Rochani', 'Cemungsari Ungaran, Bandarjo, Ungaran Barat', 4),
(330, '1525', 'CHINDY FITRIA ARDANI', 'Kabupaten Semarang', '2003-12-05', 'Widi Hartono', 'Jl. Jangli Krajan No.13 04/06 Karanganyar Gunung Candisari', 4),
(331, '1526', 'DELLA AYU FEBRIANTI', 'Semarang', '2004-02-24', 'Rohmiyati', 'Gedawang, RT 02/01 Banyumanik', 4),
(332, '1527', 'DEVINTA ERNA NUR FITRIANI', 'Semarang', '2003-12-06', 'Sutrisno', 'Jl. Tirto Usodo Barat Pedalangan Banyumanik', 4),
(333, '1528', 'DEWI KURNIA RAHMAWATI', 'Kabupaten Semarang', '2002-08-01', 'Adil Kencono Narimo', 'Jl. Kresno RT 09/02 Banyumanik', 4),
(334, '1529', 'FEBRIYANA DIAH EKA', 'Semarang', '2003-02-20', 'Sutisna', 'RT 01/01 Srondol Kulon Banyumanik', 4),
(335, '1530', 'FERDI BAYU ARDHA', 'Semarang', '2004-02-19', 'Satimin', 'Timoho Timur I Bulusan Tembalang', 4),
(336, '1531', 'GUSTI RIDHA AYU MAHARDIKA', 'Semarang', '2003-08-17', 'Gusti Muhammad Faizal', 'Jl. Bukit Menur IV/378 RT 06/20 Tembalang', 4),
(337, '1532', 'HANNY SAFHYRA NILA SUGIARTO', 'Semarang', '2003-09-07', 'Agus Sugiarto', 'Jl. Pengkek RT 02/04 Tembalang', 4),
(338, '1533', 'INDAH MUTOHAROH', 'Kendal', '2004-03-15', 'Juwar', 'Ngampel, Patean Kendal', 4),
(339, '1534', 'INTANNIA ANGGRENI R.', 'Semarang', '2004-10-17', 'Agung Triyono', 'Rengas 1 No. 243 Padangsari Banyumanik', 4),
(340, '1535', 'IRHAM MAULANA', 'Semarang', '2004-06-01', 'Sumadi', 'Jl. Ulin Selatan III/164', 4),
(341, '1536', 'IRPAN PANCA PUJI PRASETYO', 'Semarang', '2004-09-19', 'Sukimin ', 'Srondol Kulon Ngasinan 94/10 Banyumanik', 4),
(342, '1537', 'ISTIQOMAH NUR FITRIA', 'Semarang', '2004-06-09', 'Sawijan', 'Durian Selatan II-22 07/01 Srondol Wetan Banyumanik', 4),
(343, '1538', 'JOVALDI ALFIN MALIK', 'Semarang', '2003-04-29', 'Bejo Supriyanto', 'Jl Ulin Utara IV No. 360 RT 01/13 Padangsari Banyumanik', 4),
(344, '1539', 'KEZIA ANGELINA MARCELLINE', 'Semarang', '2004-03-30', 'Iwan  Juliandi', 'Jl. Keruing Barat Dalam IV/10 Srondol Wetan Banyumanik', 4),
(345, '1540', 'KHARISMA DJATI', 'Semarang', '2002-09-05', 'Sutarsan', 'RT 06/04 Tembalang', 4),
(346, '1541', 'KHOLIFAH NURUL AZIZA', 'Kuningan', '2004-03-09', 'Cepi Suwarman', 'SAWUNGGALING SELATAN 14 RT 01/014 Banyumanik', 4),
(347, '1542', 'KRISTIAN ALDO P', 'Semarang', '2002-02-06', 'Tri Subekti', 'Jl. Perintis Kemerdekaan RT 01/03 Pudakpayung Banyumanik', 4),
(348, '1543', 'MAQUDI PRAMBONO', 'Semarang', '2003-12-13', 'Purwoto', 'Jabungan, Banyumanik', 4),
(349, '1544', 'MICHAELLA JOVITA CITRA ARDANA', 'Semarang', '2003-09-28', 'Supoyo', 'Genting, Jambu, Semarang', 4),
(350, '1545', 'MOHAMMAD ALDAFI', 'Semarang', '2003-05-19', 'Hanafi Permata', 'Jl. Klentengsari II No.8A Pedalangan Banyumanik', 4),
(351, '1546', 'MUCHAMAD FARCHAN FEBRIANTO', 'Semarang', '2004-02-28', 'Danang Setianto', 'Jl. Dewi Sartika Barat VII No. 27 Sukorejo Gunungpati ', 4),
(352, '1547', 'RARA ASYIFA ', 'Kab. Semarang', '2003-07-03', 'Surpriyanto', 'Jl. Karangrejo 04/07 Srondol Wetan Banyumanik', 4),
(353, '1548', 'SANTIKA ZULANDA H', 'Semarang', '2004-04-22', 'Zubaidi Muqorobin', 'Jl. Dewi Sartika Barat III No. 26 Sukorejo Gunungpati ', 4),
(354, '1549', 'TONI SETYA  PRATAMA', 'Semarang', '2003-08-14', 'Ngatno', 'RT 04 RW 03 Gedawang Banyumanik ', 4),
(355, '1550', 'VIRA ARVINA SARI', 'Semarang', '2004-07-07', 'Sugiyono', 'Jl. Gondang Timur II, Bulusan, Tembalang', 4),
(356, '1551', 'FERDIAN DWI PRIYANTO', 'Semarang', '2003-07-28', 'Didit Supriyanto', 'Jl. Jeli III/210 Per BKT Diponegoro Tembalang', 4),
(357, '1552', 'FRIZKY AGI VALENTINO', 'Semarang', '2003-09-14', 'Kumaidi', 'Meteseh 03/01 Tembalang', 4),
(358, '1553', 'HARIS ADI MARTINO', 'Semarang', '2005-03-09', 'Teguh Haryono', 'Ngumpulsari RT04/04 Bulusan Tembalang', 4),
(359, '1554', 'ELENA TRI SEPTIYANI', 'Semarang', '2003-09-09', 'Ngadiran', 'RT 05/RW 01 Gedawang Banyumanik', 4),
(360, '1555', 'LAURA FARIDA', 'Semarang', '2003-05-29', 'Wahyu Budi Santoso', 'Jl. Ngesrep Timur II No. 17 A RT 02/01 Sumurboto Banyumanik', 4),
(361, '1556', 'RIYANTINO EKA PUTRA', 'Semarang', '2004-04-02', 'Nuri Setyono', 'Jl. Padang Dukuh 03/08 Banyumanik', 4),
(362, '1456', 'Anisa Pasa Ramona', 'KAB. SEMARANG', '2002-11-12', 'HARYANTO', 'Mluweh Ungaran Timur', 4),
(363, '1457', 'Baruna Sukma Genta Ramadhan', 'Semarang', '2002-11-06', 'Imam Muchson', 'Jl. Cempaka No.11 SRONDOL WETAN BANYUMANIK', 4),
(364, '1459', 'David Ade Saputra', 'Kabupaten Semarang', '2002-10-13', 'Andreas Sugiyanto', 'Jl. Semeru RT 3 RW 7 Swakul Ungaran', 4),
(365, '1460', 'Deny Try Saputra', 'Magelang', '2002-10-03', 'Gurito', 'Jl. Blimbing Timur Dalam II SRONDOL WETAN BANYUMANIK', 4),
(366, '1461', 'Dhea Aprilia Ariesta Putri', 'SEMARANG', '2003-04-05', 'DJOKO ARIYANTO', 'JL. DURIAN SLTN II/22 SRONDOL WETAN  BANYUMANIK', 4),
(367, '1463', 'Fahmi Nur Hidayat', 'Semarang', '2002-09-22', 'Saleh Abdul Rahman', 'Jl. Merbau III/75 Padangsari, Banyumanik', 4),
(368, '1464', 'Faradya Rezky Athilla', 'Semarang', '2003-04-02', 'Koerniawan Hartamto', 'Perum Permata Payung Asri I No.8 Pudakpayung Banyumanik', 4),
(369, '1465', 'Feberta Permana Sakti', 'Semarang', '2001-11-01', 'Rusman', 'Trini Trihanggo Gamping Sleman', 4),
(370, '1466', 'Genta Bernard Mahardika', 'KABUPATEN SEMARANG', '2003-06-11', 'Dwijo', 'Jl. Panjaitan 55 D Susukan Ungaran Timur', 4),
(371, '1467', 'Horidoturrohmah', 'BANGKALAN', '2003-06-06', 'Ayas', 'Ninggik Konang Kecamatan Konang', 4),
(372, '1468', 'Imanuel Santa Alfinto', 'Kabupaten Semarang', '2003-02-20', 'Nopik Sariyadi', 'Jl. Kisarino Mangun Pranoto RT 05 RW 9 Bandarjo Ungaran', 4),
(373, '1469', 'Lutfiah Ariana Lovianti', 'WONOGIRI', '2003-01-23', 'PAITO', 'JL. BANJARSARI GG. TUNJUNGSARI I/30 TEMBALANG', 4),
(374, '1470', 'Marthasya Desty Adelia', 'Semarang', '2003-12-23', 'Ronal Novianto', 'Kramas Tembalang ', 4),
(375, '1471', 'Monik Yones Meylanda', 'Kab. Semarang', '2003-05-01', 'Bariyo Dalminto', 'Klepu Pringapus', 4),
(376, '1472', 'Muhamad Erik Riyadi', 'KABUPATEN SEMARANG', '2001-12-20', 'MUHADI', 'Jl. Krisno No. 9-B Banyumanik', 4),
(377, '1473', 'Putri Adelia Agustin', 'SEMARANG', '2002-08-31', 'TUKIMIN', 'MANGUNHARJO Tembalang', 4),
(378, '1474', 'Putri Wulandari', 'Kabupaten Grobogan', '2002-10-20', 'Sujiran', 'Jl. Setiabudi Primatama 41 SRONDOL WETAN BANYUMANIK', 4),
(379, '1475', 'Resa Pradana', 'Semarang', '2003-02-15', 'Rifki Ariyanto', 'Jl. Gemah Permai Regency VIII/C5 Sendangguwo Tembalang', 4),
(380, '1476', 'Shafiqa Ayesha Yestiens', 'SEMARANG', '2004-01-10', 'EKO MULYANTO', 'SAPTAMARGA III/297 Jangli Tembalang ', 4),
(381, '1477', 'Teguh Prasetyo', 'Semarang', '2003-03-29', 'NGATEMAN', 'Jabungan Banyumanik', 4),
(382, '1478', 'Yoga Orfa Rio', 'Semarang', '2002-11-25', 'Siswanto', 'Bulusan Tembalang', 4),
(383, '1480', 'Aini Qomariah', 'SEMARANG', '2002-12-28', 'HARTONO', 'JL. DENGKEK SARI TEMBALANG', 4),
(384, '1481', 'Ayu Satiti Dwi Purnani', 'SEMARANG', '2002-10-25', 'KUSNADI', 'JL. BANJARSARI GG. TORTOSARI 1D Tembalang ', 4),
(385, '1482', 'Candra Putra Wibawa', 'Semarang', '2001-09-16', 'SUNARTO', 'Damar Barat IV/93 Padangsari Banyumanik', 4),
(386, '1483', 'Choirul Umam', 'Semarang', '2001-08-30', 'KARTONO', 'Perum Villa Siberi, Banjarejo Boja', 4),
(387, '1484', 'Danise Ayu Syahvitria', 'Semarang', '2002-12-12', 'Wahyu Ardianto', 'Ngesrep Barat I No.2 Tinjomoyo Banyumanik', 4),
(388, '1485', 'Dava Resha Kurniawan', 'Semarang', '2003-06-04', 'Agus Suwondo', 'karanganyar gunung No 330 Candisari', 4),
(389, '1486', 'Dimas Trisnawan', 'Rembang', '2002-04-12', 'Sutrisna', 'Jl. Sendang Gede Banyumanik', 4),
(390, '1487', 'Kholiq Athuurian Maulana', 'SEMARANG', '2003-01-28', 'SUNARNO', 'JOMBLANG PERBALAN NO. 837 Candi Candisari', 4),
(391, '1488', 'Manda Saniya Dewi', 'WONOGIRI', '2004-04-16', 'SRIYONO', 'CANDI LOSMEN NO. 39A Candi Candisari', 4),
(392, '1489', 'Maulana Aji Prasetyo', 'Semarang', '2003-04-09', 'Teguh Hartadi', 'Jl. Meranti Barat Dalam II/123 Srondol Wetan Banyumanik', 4),
(393, '1490', 'Melinda Oktavia', 'Semarang', '2002-10-14', 'Suwito', 'Rumpun Diponegoro Gg VIII / 140 Banyumanik', 4),
(394, '1491', 'Mugo Andro Setiano', 'Semarang', '2003-06-19', 'Hendrayanto', 'Graha Prasetya V Pedalangan Banyumanik', 4),
(395, '1492', 'Nabila Ulya Khairunnisa Waliulu', 'SEMARANG', '2003-03-21', 'WALIULU THAHA', 'Jl. Kanfer Utara III/216 Pedalangan Banyumanik', 4),
(396, '1516', 'Nadya Nurizka Putri', 'Semarang', '2003-03-22', 'Ibnu Santoso', 'Gedawang Pesona Asri I Blok G-7 Gedawang Banyumanik', 4),
(397, '1493', 'Nanang Memek Prasetyo', 'Wonogiri', '2002-12-27', 'Juwari', 'Srondol Kulon Banyumanik', 4),
(398, '1494', 'Putri Paniarta Yudha', 'Semarang', '2003-11-12', 'Huda Zaman', 'Gombel Lama Tinjomoyo Banyumanik', 4),
(399, '1495', 'Rahellani Jelita Widiana', 'Semarang', '2003-09-05', 'Widi Krisbiyanto', 'Ngesrep Timur III, Sumurboto Banyumanik', 4),
(400, '1496', 'Rico Ardian Syach', 'Semarang', '2003-12-26', 'SOBARI', 'JATINGALEH TRANGKIL 207 Ngesrep Banyumanik', 4),
(401, '1498', 'Sulistiyono', 'Semarang', '2002-12-13', 'Suwono', 'Tembalang', 4),
(402, '1499', 'Tegar Ferdiansyah', 'Semarang', '2001-06-08', 'MOCH. HELMI', 'Gedawang Banyumanik', 4),
(403, '1500', 'Triadi Putra Ananda', 'BEKASI', '2003-07-17', 'DJOKO SOEBIYANTORO', 'BLOK F 1 NO 9', 4),
(404, '1501', 'Vanesa Prameswari', 'Semarang', '2003-07-03', 'Saiman', 'Jl. Pucung Perbalan Srondol Kulon Banyumanik', 4),
(405, '1502', 'Akbar Febriansyah Maulana', 'Semarang', '2003-02-12', 'Rokhim', 'Jl. Kruing Barat II /72 Srondol Wetan Banyumanik', 4),
(406, '1503', 'Bela Ani Setianingsih', 'Kab. Semarang', '2004-04-27', 'Suparno', 'Tegalsari, Mluweh Ungaran Timur', 4),
(407, '1504', 'Caesar Ivano Pramudya Bernawa', 'Semarang', '2002-04-14', 'Djoko Purwadi alm', 'Ace No.8, Srondol wetan Banyumanik', 4),
(408, '1505', 'Candra Dani Kusuma', 'Kab. Semarang', '2003-07-11', 'SOLIKIN', 'Tegalsari Mluweh Ungaran timur', 4),
(409, '1506', 'Farchan Jainul Arifin', 'Pasuruan', '2002-06-10', 'Karsono', 'Ngesrep Barat IV / 34, srondol kulon banyumanik', 4),
(410, '1507', 'Khabibbillah Raka Saputra', 'Semarang', '2003-08-09', 'Joko Susilo', 'Temugiring No.1, Banyumanik', 4),
(411, '1508', 'Loka Mita Puspa Lupi', 'SEMARANG', '2002-04-16', 'SUDARMADJI', 'GABAHAN, semarang tengah', 4),
(412, '1509', 'Lutfi Haryanto', 'Kab. Semarang', '2013-12-12', 'Maryono', 'Tegalsari, Mluweh Ungaran Timur', 4),
(413, '1510', 'Nevis Ari Pratama', 'Semarang', '2002-11-24', 'Heri suwanto', 'Bukit Cempaka VIII/260, Sendang Mulyo Tembalang', 4),
(414, '1511', 'Puput Setyowati', 'Kab. Semarang', '2013-12-31', 'Supriyo', 'Mluweh, Ungaran Timur', 4),
(415, '1512', 'Rangga Dimas Marhendra', 'Semarang', '2003-04-07', 'Sukaryani', 'Jl Tusam Timur II No 6 Pedalangan Banyumanik', 4),
(416, '1513', 'Risky Adam Setyawan', 'Kab.Semarang', '2003-02-28', 'Sukiran', 'Berdikari VI / 7, Pedalangan Banyumanik', 4),
(417, '1514', 'Sifra Regi Angely', 'Semarang', '2003-11-26', 'Daruji', 'Rumpun Diponegoro III / 32, Banyumanik', 4),
(418, '1515', 'Sri Wahyuningsih', 'Kabupaten Semarang', '2013-12-31', 'SAPIN TRIYONO', 'Tegalsari, Mluweh Ungaran Timur', 4),
(419, '1412', 'Agita Putri Eka Handayani', 'KAB. SEMARANG', '2002-08-06', 'EKO NUROSO', 'KARANGANYAR GUNUNG NO 412, KARANGANYAR GUNUNG CANDISARI', 4),
(420, '1413', 'Almer Kynan Maden Kusuma', 'SEMARANG', '2002-07-15', 'SRI WAHYU EKO SUSILO', 'JL. SAWUNGGALING RAYA 33 SRONDOL KULON BANYUMANIK', 4),
(421, '1414', 'Anadhia Zahwa Nurul Cinta', 'SEMARANG', '2002-07-19', 'NUGROHO WIDI UTOMO', 'JL. SENDANG SARI 3 NO. 104 SRONDOL KULON BANYUMANIK', 4),
(422, '1415', 'Ananda Kusumaningtyas', 'SEMARANG', '2002-07-07', 'CIPTO YULIANTO', 'Jl. Gombel Lama Tinjo Moyo Banyumanik', 4),
(423, '1416', 'Andi Habib Setyawan', 'SEMARANG', '2001-10-16', 'CEPI SUARMAN', 'SAWUNGGALING SELATAN PADANGSARI BANYUMANIK', 4),
(424, '1417', 'Angeli Jo Ann', 'SEMARANG', '2001-12-26', 'ROMI SUDIYOTO', 'JL. DAMAR TIMUR DALAM PADANGSARI BANYUMANIK', 4),
(425, '1418', 'Anggoro Wido Seno', 'SEMARANG', '2002-02-28', 'YACUB WALOEYA', 'MERANTI BARAT 8/143 Srondol Wetan Banyumanik', 4),
(426, '1419', 'Arry Irawan', 'CIREBON', '2002-04-15', 'PARLINDUNGAN SIAGIAN', 'JALAN BULUSAN SELATAN VI / 48 BULUSAN TEMBALANG', 4),
(427, '1420', 'Atrisia Woro Drupadi', 'SEMARANG', '2001-09-22', 'TUKIMIN', 'JL. BANGUNHARJO BANYUMANIL', 4),
(428, '1421', 'Bellafuni Pratiwi', 'SEMARANG', '2002-07-06', 'DWI PRIYOKO', 'LEMPONGSARI IX GAJAHMUNGKUR', 4),
(429, '1422', 'Dea Ayu Hapsari', 'JEPARA', '2002-08-26', 'KARJI', 'JL. TEMBALANG SELATAN 3, PEDALANGAN BANYUMANIK', 4),
(430, '1423', 'Dian Amelia Puspitasari', 'SEMARANG', '2002-12-11', 'AGUS ISTIADI', 'JL. KYAI MOHO NGASINAN SRONDOL KULON BANYUMANIK', 4),
(431, '1425', 'Fajar Kurniawan', 'TEMANGGUNG', '2002-06-19', 'USMAN', 'TROCOH LEMPUYANG CANDIROTO', 4),
(432, '1426', 'Fathia Efty Luckyta Safira', 'SEMARANG', '2002-09-13', 'INDRIYANTO SUMARDI', 'JL. BUKIT KELAPA SAWIT V AG IB METESEH TEMBALANG', 4),
(433, '1427', 'Gilang Saputra', 'SEMARANG', '2002-08-07', 'SUGIMANTO', 'TANJUNG SARI SUMURBOTO BANYUMANIK', 4);
INSERT INTO `siswa` (`id_siswa`, `nis`, `nama_siswa`, `tempat_lahir`, `tanggal_lahir`, `nama_ortu`, `alamat`, `id_unit_pendidikan`) VALUES
(434, '1428', 'Gladis Yulia Takaresma', 'SEMARANG', '2001-07-12', 'PURWANTO', 'SRONDOL KULON BANYUMANIK', 4),
(435, '1431', 'Ichsan Rozak Adiansyah', 'SEMARANG', '2001-11-16', 'ADI SUKIRNO', 'JL. KRESNO NO 5C, SENDANGGEDE BANYUMANIK', 4),
(436, '1432', 'Indriana Arsita', 'SEMARANG', '2002-01-15', 'NURBANI ADNAN', 'JL. MERBAU UTARA NO. 94 PADANGSARI BANYUMANIK', 4),
(437, '1434', 'Jois Novantia Rahmadani', 'PATI', '2001-12-18', 'KUNARTO', 'SRONDOL ASRI BLOK C NO 12 BANYUMANIK', 4),
(438, '1435', 'Mochammad Irza Pratama', 'SEMARANG', '2002-06-25', 'RESMANTO', 'JL. DURIAN SELATAN II NO. 4 SRONDOL WETAN BANYUMANIK', 4),
(439, '1436', 'Muhammad Indra Wahyudi', 'KOTA BARU', '2001-06-05', 'DJOKO MULYONO', 'SUKUN RAYA NO. 14 SRONDOL WETAN BANYUMANIK', 4),
(440, '1437', 'Novitasari', 'GROBOGAN', '2002-06-29', 'SUNARDI', 'JL. KARANGREJO 3 NO 6 BANYUMANIK', 4),
(441, '1438', 'Panji Wisnu Murti', 'SEMARANG', '2000-08-01', 'SRIHARYOKO', 'JL. DENGKEK SARI EMBALANG', 4),
(442, '1439', 'Reninda Azzahra Melati Argian Putri', 'SEMARANG', '2002-02-25', 'SUGIYARTO', 'JL. MELATI NO.9 SRONDOL WETAN BANYUMANIK', 4),
(443, '1441', 'Rista Arum Permatasari', 'SEMARANG', '2001-12-22', 'SETIYO LAKSONO', 'JL. JATI BARAT V531 SRONDOL WETAN BANYUMANIK', 4),
(444, '1442', 'Rizkia Sapta Aula', 'SEMARANG', '2002-07-13', 'NGATIONO', 'JL. RINGIN BAKTHI 02 JABUNGAN BANYUMANIK', 4),
(445, '1443', 'Ryo Akmal Fadholi', 'SEMARANG', '2001-11-03', 'SARWANTO', 'JL. PAPANDAYAN KALILANGSE GAJAH MUNGKUR', 4),
(446, '1445', 'Siti Zulaichah', 'MAGELANG', '2001-07-07', 'Fatchurrohman', 'TIRTO AGUNG DURIAN BANYUMANIK', 4),
(447, '1446', 'Sri Lestari', 'SEMARANG', '2001-07-19', 'SLAMET', ' SRONDOL KULON BANYUMANIK', 4),
(448, '1447', 'Valentino Pradestya Dendy', 'SEMARANG', '2001-12-09', 'IGNATIUS AGUNG PRATOMO', 'MERANTI RAYA 282 SRONDOL WETAN BANYUMANIK', 4),
(449, '1448', 'Varisa Maya Lutfiah', 'SEMARANG', '2001-04-10', 'SUTARMAN', 'JL. TEMULAWAK BANYUMANIK', 4),
(450, '1449', 'Cahyo Setyo Ajie', 'Semarang', '2001-08-31', 'Endah Cahyaningrum', 'Jl. Waru Timur Raya 31', 4),
(451, '1450', 'Dea Octaviani Al Fauzan', 'JAKARTA', '2002-10-06', 'DADANG SUDARSONO', 'ASRAMA EX BRIGIF V BLOK K NO 30 SRONDOL KULON BANYUMANIK', 4),
(452, '1453', 'Ericko Putra Samudra', 'Semarang', '2002-07-20', 'Hadi Sumaryono', 'Srondol asri Blok A No. 8 SRONDOL KULON BANYUMANIK', 4),
(453, '1455', 'Rizqi Nastha Al-yudha', 'Semarang', '2002-03-29', 'Purwanto Edy Susilo', 'Jl. Mulawarman Barat II / 31 PEDALANGAN BANYUMANIK', 4),
(454, '43829', 'AAN ARDIAN SAPUTRA', 'Semarang', '2003-03-29', 'Achmad Zaenudin', 'Jl. Karangroto Barat IV Rt. 6/Rw. 3', 5),
(455, '43830', 'ABIYAN RESTU PRATAMA', 'Bantul', '2004-02-20', 'Mugihandoyo', 'Rusun Bandung Bondowoso B2/6', 5),
(456, '43831', 'ADHITYA TRI SURYA KUSUMA', 'Semarang', '2003-08-29', 'Kusrin', 'Jepono Rt. 11/Rw. 1', 5),
(457, '43832', 'ADI KURIAWAN', 'Semarang', '2004-07-09', 'Ramijan', 'Tanggungrejo Rt. 3/Rw. 6', 5),
(458, '43833', 'ADI SUTERTO', 'Semarang', '2002-07-01', 'Sutarno', 'Plamongan Sari Rt. 13/Rw. 12', 5),
(459, '43834', 'ADITIYA MAULANA', 'Semarang', '2003-06-01', 'Ngatimah', 'Tlogosari Wetan Rt.4/Rw.3', 5),
(460, '43835', 'ADITYA SURYA ABDI KENCANA', 'Semarang', '2003-11-09', 'Pamuji Estiono', 'Taman Kinibalu 3 Rt.7/Rw.2', 5),
(461, '43836', 'BIMA AGUNG WIJAYA', 'Semarang', '2001-04-21', 'Sudjanah', 'Jl. Sidomulyo VII no. 6', 5),
(462, '43837', 'DAFA BAGAS PRAYITNO', 'Semarang', '2002-07-22', 'Murzaini', 'Pedurungan Tengah Jl. Merpati Rt.8/Rw.9', 5),
(463, '43838', 'DAFIT SETIAWAN', 'Semarang', '2004-11-25', 'Karyati', 'Genuksari Rt.5/Rw.3', 5),
(464, '43839', 'DANANG ADHITYA NUGROHO', 'Semarang', '2004-07-02', 'Sujadi', 'Kp. Blusuk No. 46', 5),
(465, '43840', 'DWI CAHYA NAGARA', 'Semarang', '2003-07-20', 'Rasmanto', 'Jl. Siwalan I Rt.10/Rw.3', 5),
(466, '43841', 'FARID ILYAS PUTRA', 'Semarang', '2003-09-19', 'Drs. Djoewari', 'Jl. Banteng Utara VII/8', 5),
(467, '43842', 'FATAH NUR HUDA', 'Semarang', '2002-08-11', 'Suwaji', 'Jl. Widuri II Rt.4/Rw.8', 5),
(468, '43843', 'FATIKUL QHOLBI NAILUL HUDA', 'Semarang', '2003-04-25', 'Tri Adiyanto', 'Rusunawa Kaligawe Blok A/9', 5),
(469, '43844', 'GILANG ARDIANSYAH', 'Semarang', '2003-05-22', 'Slamet Pujiono', 'Jl. Sawah Besar XII Rusunawa Kaligawe Rt.7/Rw.9', 5),
(470, '43845', 'IFAN JUNIANTO', 'Semarang', '2004-06-14', 'Suparman', 'Gebangsari RT.5/RW.5', 5),
(471, '43846', 'IKWAN NUR HIDAYAT', 'Semarang', '2004-02-21', 'Rony Alamsyah', 'Bugen Utara RT.10/RW.3', 5),
(472, '43847', 'JEFRI BUDI SETIAWAN', 'Semarang', '2001-10-12', 'Amanah', 'Pondok Tambakrejo RT.4/RW9', 5),
(473, '43848', 'KENANG MOCHAMAD FAIZAL', 'Semarang', '2002-10-31', 'Suparmono', 'Jl. Musi IIC-5 B', 5),
(474, '43849', 'LANGGENG PRAYUGA', 'Grobogan', '2003-09-28', 'Slamet Rofi''i', 'Sendangguwo Utara II RT.6/RW.9', 5),
(475, '43850', 'M. AKBAR ARDIANSYAH', 'Semarang', '2004-04-07', 'Kholifah ', 'Jl. Masjid Terboyo No. 15', 5),
(476, '43851', 'MAHENDRA HARY SAPUTRA', 'Semarang', '2004-06-10', 'Ari Pramono', 'Tanggungrejo RT.5/RW.5', 5),
(477, '43852', 'MAULANA IBNU IBRAHIM', 'Semarang', '2004-03-13', 'Sarwanto', 'Karangingas Rt.2/Rw.7', 5),
(478, '43853', 'MAULANA IBRAHIM', 'Semarang', '2004-11-05', 'Sudarto', 'Tenggang Rt.1/Rw.8', 5),
(479, '43854', 'MOCHAMMAD RIZKY ARIFIANTO', 'Semarang', '2004-07-19', 'Komari', 'Jl. Paus A2 Perum Pelabuhan', 5),
(480, '43855', 'MOH. DIAZ PERMANA PUTRA', 'Banjarnegara', '2003-09-17', 'Iskandar', 'Jl. Ngablak Kidul Rt.12/Rw.8', 5),
(481, '43856', 'MUHAMMAD VINO SEKTIYONO', 'Semarang', '2003-07-24', 'Sugiyono', 'Mangunharjo Rt.5/Rw.1', 5),
(482, '43857', 'OKA BAYU PRASETYA', 'Semarang', '2004-10-09', 'Sutiyono', 'Karanganyar Rt.9/Rw.12', 5),
(483, '43858', 'PANGESTU AKBAR WIBOWO', 'Semarang', '2002-12-27', 'Lita Widyastanti', 'Jl. Kebon Rojo Selatan 24', 5),
(484, '43859', 'RAFI TRI ADRIAN', 'Semarang', '2004-08-18', 'Budiman Tri Handoko', 'Genuksari RT.5/Rw.1', 5),
(485, '43860', 'RAFLI ADES MAHENDRA', 'Semarang', '2002-10-26', 'Samsudin', 'Kp. Sumur Bong No. 665-B', 5),
(486, '43861', 'RAHMAD BAGAS KURNIAWAN', 'Semarang', '2002-11-07', 'Suparman', 'Terboyo Wetan RT.2/RW.1', 5),
(487, '43862', 'RUDY TRI ANTONO', 'Semarang', '2004-04-24', 'Supartono', 'Karanganyar Rt.2/Rw.13', 5),
(488, '43863', 'SLAMET RIYANTO', 'Semarang', '2003-03-17', 'Ngatman', 'Jl. Banjardowo Rt.6/Rw.6', 5),
(489, '43864', 'SURYANSYAH PUTRA', 'Aceh Tenggara', '2001-09-21', 'Ali Imran', 'Kp. Pompa No. 193', 5),
(490, '43865', 'VICKY SETIAWAN', 'Semarang', '2002-07-02', 'Bambang Susilo', 'Jl. Margosari Rt.4/Rw.7', 5),
(491, '43866', 'ZIDANE PUTRA RAMADHAN', 'Semarang', '2003-10-27', 'Purno Setyo Putro', 'Kp. Sleko Rt.3/Rw.11', 5),
(492, '43867', 'ADRIAN ARGIYONO', 'Semarang', '2003-05-07', 'Sudiyono', 'Jl. Zaenudin Karangroto RT.7/RW.12', 5),
(493, '43868', 'AGE GIAN PRANATA', 'Semarang', '2002-02-08', 'Muhammad Sugiyanto', 'Karangsari RT.6/RW.12', 5),
(494, '43869', 'AGUS HARYANTO', 'Semarang', '2002-08-04', 'Kriswanto', 'Tambakrejo RT.1/RW.8', 5),
(495, '43870', 'AHMAD HABIB CHOIRUL RIFKI', 'Semarang', '2004-11-15', 'Nurul Yaqin', 'Jl. Tambakrejo Pondok RT.4/RW.9', 5),
(496, '43871', 'AHMAD MUSA', 'Semarang', '2004-06-27', 'Nasta''in', 'Penggaron Kidul RT.4/RW.3', 5),
(497, '43872', 'ALMUHARROM ADITYA', 'Semarang', '2004-03-01', 'Sriyanto', 'Trimulyo RT.5/RW.4', 5),
(498, '43873', 'AMALI AHMAD RIFALDI', 'Semarang', '2003-06-08', 'Subarto', 'Genuksari Rt.1/Rw.10', 5),
(499, '43874', 'BAGAS NUR PAMBUDI', 'Semarang', '2003-03-22', 'Sudarjanti', 'Jl. Lamper Tengah IV RT.3/RW.7', 5),
(500, '43875', 'BIMA PUTRA PRATAMA', 'Semarang', '2002-08-04', 'Dani Arifiyanto', 'Bangetayu Wetan RT.2/RW.5', 5),
(501, '43876', 'CATUR RIYAN HIDAYAT', 'Semarang', '2002-07-06', 'Suparman', 'Tlogosari Wetan Rt.1/Rw.4', 5),
(502, '43877', 'DANANG RAHMAT ADITIYA', 'Semarang', '2003-01-15', 'Sumartono', 'Jl. Jolotundo II No.46', 5),
(503, '43878', 'DANIAR', 'Semarang', '2003-12-18', 'Sudarno', 'Condrorejo Rt.6/Rw.11', 5),
(504, '43879', 'DANU CAHYO PUTRA PRATAMA', 'Semarang', '2004-03-14', 'Eko Nur Cahyono', 'Jl. Wonomulyo Mukti Timur II Rt.7/Rw.11', 5),
(505, '43880', 'DWI SAMBODO', 'Kendal', '2003-07-24', 'Kaswi', 'Banjardowo Rt.3/Rw.1', 5),
(506, '43881', 'FEBRIAN CAHYO ARDANI', 'Semarang', '2004-02-18', 'Icang', 'Kp. Penjaringan162-A Rt.3/Rw.1', 5),
(507, '43882', 'FEBRYAN ANGKI SATYANSYAH', 'Semarang', '2003-02-16', 'Nanang Marsetyo', 'Ledok Rt.7/Rw.2', 5),
(508, '43883', 'FIBRA KUSUMA AJI', 'Semarang', '2004-02-10', 'Nachrowi', 'Jl. Sendangguwo Rt.17/Rw.2', 5),
(509, '43884', 'GIMYALID AHMAD DAFIQ', 'Semarang', '2004-05-12', 'Wagiran', 'Tlogotimun Rt.1/Rw.8', 5),
(510, '43885', 'ILHAM HASTAWA PUTRA', 'Boyolali', '2004-02-02', 'Sigit Haryanto', 'SendangSerut Rt.28/Rw.5', 5),
(511, '43886', 'JOHAN BINTANG SAMUDRA', 'Semarang', '2004-04-03', 'Jepri Priyadi', 'Graha Permata Muktiharjo No. 28', 5),
(512, '43887', 'KHOIRUL ANWAR', 'Semarang', '2003-10-10', 'Haryono', 'Genuksari Rt.4/Rw.8', 5),
(513, '43888', 'LEIANDRA NENDY FAHNURAHMAN', 'Grobogan', '2003-04-25', 'L. Sagiman', 'Banjarsari Rt.5/Rw.8', 5),
(514, '43889', 'MOH. RAHMAT', 'Bangkalan ', '2003-06-12', 'Moh Ya''kub', 'Gasem Raya Rt.2/Rw.4', 5),
(515, '43890', 'MOHAMAD RAFLI ALWI', 'Semarang', '2003-01-02', 'Mohammad Sony', 'Jl. Tambi Rt.2/Rw.8', 5),
(516, '43891', 'MOHAMMAD DANIEL AKBAR ARDIANTO', 'Semarang', '2003-03-27', 'Sunarto', 'Karang Kimpul Rt.2/Rw.1', 5),
(517, '43892', 'MOHAMMAD RIFAI', 'Semarang', '2003-12-24', 'Siswandi', 'Tambak Mulyo Rt.6/Rw.15', 5),
(518, '43893', 'MUHAMMAD RIZAL', 'Kab. Semarang', '2003-12-15', 'Partin', 'Dempel Lor Rt.1/Rw.14', 5),
(519, '43894', 'MUHAMAD FAIZIN', 'Demak', '2004-02-07', 'Asmudi', 'Penggaron Lor Rt.3/Rw.1', 5),
(520, '43895', 'NADHIF YAHYA', 'Semarang', '2003-09-02', 'Sudarto', 'Tambakrejo Pondok Rt.3/Rw.9', 5),
(521, '43896', 'OKY SUSANTO', 'Semarang', '2001-10-10', 'Kartolo', 'Tlogosari Wetan Rt.2/Rw.4', 5),
(522, '43897', 'PUPUT PRASETYO', 'Semarang', '2003-06-28', 'Asrani', 'Mangunharjo Rt.5/Rw.1', 5),
(523, '43898', 'RAMDAN BINTANG BACHTIAR', 'Semarang', '2003-11-23', 'Sigit Pamungkas', 'Kwaron II Rt.17/Rw.2', 5),
(524, '43899', 'REZA NAUFAL ARDI', 'Semarang', '2004-01-18', 'Rasmanto', 'Genuksari Rt.5/rw.2', 5),
(525, '43900', 'RIKI TRI PRAYOGO', 'Temanggung ', '2004-03-09', 'Ahmad Ro''uf', 'Tlogosari Wetan Rt.2/Rw.4', 5),
(526, '43901', 'SATRYA ADHI NUGROHO', 'Semarang', '2001-11-24', 'Solichin', 'Kp. Ngablak Rt.12/Rw.4', 5),
(527, '43902', 'SUPRIANTO', 'Jakarta', '2004-04-03', 'Karmin', 'Kp. Cilosari Barat Rt.7/Rw.8', 5),
(528, '43903', 'TEGAR NUR BUANA', 'Semarang', '2003-03-23', 'Sochib', 'Jl. Sedayu Jati Rt.4/Rw.1', 5),
(529, '43904', 'VIKI ANDRIAN', 'Semarang', '2003-03-03', 'Sunardi', 'Pondok Tambakrejo RT.4/RW9', 5),
(530, '43905', 'ZANUAR AMIN TIRTA', 'Semarang', '2004-01-19', 'Harmito', 'Perum muktiharjo Indah B-18', 5),
(531, '43986', 'MAHENDRA FIRMANSYAH', 'Semarang', '2003-11-26', 'Sudarman', 'Jl. Kudu Dempel Rt.3/Rw.1', 5),
(532, '43906', 'AJI BAGUS MAULANA SADHLI', 'Wonosobo', '2002-12-16', 'Masrokan', 'Jl. Kayai Syakur Raya Rt.2/Rw.3', 5),
(533, '43907', 'ANDIKA AHMAD SIDIQ', 'Semarang', '2003-08-28', 'Sugiono', 'Tlogosari Kulon Rt.1/rw.22', 5),
(534, '43908', 'ANDIKA DWI PRAHASTA', 'Semarang', '2003-08-20', 'Suparno', 'Karangroto Barat Rt.7/Rw.3', 5),
(535, '43909', 'ANDRIAN ARIF ARDHANA', 'Semarang', '2004-04-18', 'Samsul Arifin', 'Genuksari Rt.10/Rw.3', 5),
(536, '43910', 'ANGGA ARFIANTO', 'Semarang', '2003-04-09', 'Ngaribun', 'Bangetayu Wetan Rt.1/Rw.1', 5),
(537, '43911', 'ARDAN BINTANG EMPAT', 'Semarang', '2001-03-20', 'Roos HartonoPontjo Wardono', 'Perum Wolter Monginsidi Baru Kav-5 Rt.9/Rw.4', 5),
(538, '43912', 'ARDIANSYAH AF FANDI', 'Semarang', '2004-04-23', 'Hari Agus Susanto', 'Genuksari Rt.3/Rw.7', 5),
(539, '43913', 'ARI FERDIANTO', 'Semarang', '2003-04-13', 'Supriyanto', 'Genuksari Rt.3/Rw.9', 5),
(540, '43914', 'BAYU MULYA DWI PRASETYO', 'Semarang', '2004-05-27', 'Syamsudin', 'Tlogosari Wetan Rt.3/Rw.3', 5),
(541, '43915', 'DAUD RISMAWAN JUWARNO', 'Semarang', '2001-12-17', 'Juwarno', 'Perbalan Purwosari i/636', 5),
(542, '43916', 'DEFA DWI DAIFULLAH', 'Semarang', '2002-12-19', 'Sujadi', 'Kp. Sleko Rt.3/Rw.11', 5),
(543, '43917', 'DENI KURNIAWAN', 'Semarang', '2002-04-10', 'Agus Siswanto', 'Gajah Timur Dalam VI Rt.5/Rw.9', 5),
(544, '43918', 'FAJRIN PUTRA PRATAMA SUWARNO', 'Semarang', '2004-03-08', 'Mohammad Wahidin Wiyanto', 'Genuksari Rt.5/Rw.8', 5),
(545, '43919', 'FIKRI DWI ZAINURI', 'Semarang', '2003-01-06', 'Joko Sugeng', 'Jl. Sawah Besar VI Rt.9/Rw.3', 5),
(546, '43920', 'FIRMANSYAH ARDIANTO', 'Semarang', '2002-10-23', 'Endang Susilowati', 'Terboyo Wetan Rt.3/Rw.1', 5),
(547, '43921', 'FIRMANSYAH NADHIFA BAIHAQI', 'Semarang', '2003-06-11', 'Suparyanto', 'Ngablak Indah I Rt.5/Rw.4', 5),
(548, '43922', 'HENDRIK KURNIAWAN', 'Semarang', '2003-01-08', 'Tono', 'Pringgading II/17', 5),
(549, '43923', 'INDRA PRASETYA', 'Semarang', '2002-05-01', 'Pariyono ', 'Genuksari Rt.2/Rw.7', 5),
(550, '43924', 'IQBAL MIFTAKHUL FIRDAUZ', 'Semarang', '2002-12-15', 'Amat Fauzi', 'Malangsari Tlogosari Kulon Rt.4/Rw.7', 5),
(551, '43925', 'KRISNA PRAMANA PUTRA', 'Semarang', '2004-06-26', 'Joko Pramono', 'Jl. Bukit Seruni III/96', 5),
(552, '43926', 'LILIK CAHYO UTOMO', 'Semarang', '2003-06-07', 'Chusnul Aidi', 'Jl. Karangroto Rusun Rt.2/Rw.6', 5),
(553, '43927', 'MUHAMAD FERRY ANDRADIANTA', 'Semarang', '2004-04-29', 'Supaat', 'Dempel Sari Rt.3/rw.22', 5),
(554, '43928', 'MUHAMAD HIJAZI', 'Semarang', '2001-02-13', 'Joko Hargono', 'Jl. Tlogo Berlian No. 4', 5),
(555, '43929', 'MUHAMAD IQBAL DWI ANGGARA', 'Semarang', '2004-04-06', 'Achmadi', 'Banjardowo Rt.3/Rw.2', 5),
(556, '43930', 'MUHAMAD RISYAD MAULANA INDRA', 'Sragen ', '2003-02-19', 'Darmanto', 'Trimulyo Rt.1/Rw.1', 5),
(557, '43931', 'MUHAMMAD ABDUL AZIS', 'Semarang', '2003-11-04', 'Suparno', 'Jl. Ciliwung Raya No. 48', 5),
(558, '43932', 'MUHAMMAD AJI PRASETYO', 'Semarang', '2002-07-06', 'Suparto', 'Jl. Karang Kimpul Rt.8/Rw.1', 5),
(559, '43933', 'MUHAMMAD CHOIRUL HUDA', 'Semarang', '2003-05-05', 'Eko Widodo', 'Plamongansari Rt.3/Rw.9', 5),
(560, '43934', 'NICHOLAS SAPUTRA', 'Semarang', '2003-01-23', 'Zaenuri', 'Jl. Depok I Rt.5/rw.10', 5),
(561, '43935', 'OKY WAHYU YOGA P', 'Boyolali', '2001-10-27', 'a Wahyu Seto Testianto', 'Jl. Tanjung Asri I Rt.1/Rw.9', 5),
(562, '43936', 'PUTRA BAYU SANTOSO', 'Semarang', '2004-06-14', 'Atip Tuwin Aswantoro', 'Plamongansari Rt.3/Rw.9', 5),
(563, '43937', 'RIO NUR JOKO', 'Semarang', '2003-01-16', 'Katman', 'Ngablak Kidul Rt.9/Rw.8', 5),
(564, '43938', 'RYAN AHMAD NUGROHO', 'Semarang', '2003-03-01', 'Suradi', 'Tanggungrejo IV Rt.4Rw.6', 5),
(565, '43939', 'RIZAL RUBI PRATAMA', 'Semarang', '2003-11-21', 'Rubiono', 'Jl. Trimulyo rt.6/Rw.4', 5),
(566, '43940', 'RYO YUDHISTIRA', 'Semarang', '2003-11-18', 'Wahyudi', 'Dempel Sari Rt.3/rw.22', 5),
(567, '43941', 'SUPRIYONO', 'Semarang', '2003-03-30', 'Sahono', 'Genuksari rt.4/Rw.4', 5),
(568, '43942', 'TEGAR SATRIO AJI', 'Semarang', '2004-08-07', 'Hisam Mansur', 'Sembung Harjo Rt.8/Rw.6', 5),
(569, '43943', 'VIKY ARYA PRAMADANA', 'Gunungkidul', '2004-05-28', 'Ngadiyo', 'Jl. Kalicari Tengah II Rt.4/Rw.9', 5),
(570, '43944', 'WAHYU SETIYANTO', 'Semarang', '2004-01-21', 'Supardi', 'Genuksari Rt.6/Rw.7', 5),
(571, '43945', 'ZUKLI SYAMUKTI', 'Wonogiri', '2003-12-05', 'Soepriyanto', 'Jl. Banget Prasetya III/70A', 5),
(572, '43946', 'ARIF RIFKI', 'Semarang', '2003-12-02', 'Haryono', 'Jl. Terboyo Kulon Rt.1/Rw.1', 5),
(573, '43947', 'ARIZAL FAREL ALAMSYAH', 'Semarang', '2002-07-02', 'Jumadi', 'Jl. Kebonharjo Rt.5/Rw.7', 5),
(574, '43948', 'ARLA FRISTA NANDA', 'Semarang', '2002-08-03', 'Muh Arif', 'Karangroto Rt.5/Rw.2', 5),
(575, '43949', 'ARYA NANDA PUTRA ANDIKA', 'Semarang', '2003-04-10', 'L. Bambang Hariyadi. SN', 'Jl. Mlatiharjo I/409', 5),
(576, '43950', 'ARYA PUTRA AL IRSYAD', 'Semarang', '2003-05-13', 'Sutrisno', 'Jl. Widuri III Rt.5/Rw.7', 5),
(577, '43951', 'ARYO TINOWO', 'Semarang', '2004-01-20', 'Sumarno', 'Kp. Cikrapyak No.62', 5),
(578, '43952', 'AYSWARA KRISNA PRATAMA', 'Klaten ', '2002-01-01', 'Sukisna', 'Perum Tugu Asri Blok A-73', 5),
(579, '43953', 'BAGAS BUDI SETIYAWAN', 'Semarang', '2001-10-13', 'Budiono', 'Jl. Sumur Bong Rt.5/Rw.6', 5),
(580, '43954', 'CAHYO ROMADHON', 'Semarang', '2000-11-29', 'Nursahid', 'Genuksari Rt.1/Rw.3', 5),
(581, '43955', 'CHRISTIAN HERRY ROI', 'Magelang', '2001-05-03', 'Santoso', 'Jl. Karangkojo Utara 397', 5),
(582, '43956', 'DEO NEOFAL IMPIAN', 'Semarang', '2003-05-22', 'Bunowo', 'Jl. Darat Lasimin Rt.7/Rw.10', 5),
(583, '43957', 'DIMAS ARYA', 'Boyolali', '2204-01-19', 'Moch Supriyadi', 'Dk. Bulusari Rt.1/Rw.8', 5),
(584, '43958', 'DONI AJI SAPUTRA', 'Semarang', '2004-10-25', 'Rinto Sihmoko', 'Jl. Banjarsari Rt.1/Rw.8', 5),
(585, '43959', 'DWI MAYESHA SRIYOSO HUTOMO', 'Semarang', '2004-05-21', 'Bisri', 'Karang Tengah Rt.6/Rw.3', 5),
(586, '43960', 'FIRST TOTTI NUR RAHMAN', 'Semarang', '2003-09-22', 'Sugeng Haryanto', 'Jl. Syuhada Barat III Rt.1/Rw.22', 5),
(587, '43961', 'FITO WAHYU ALFANDI', 'Semarang', '2004-05-08', 'Irfan Fikriyanto', 'Sembungharjo Rt.4/Rw.7', 5),
(588, '43962', 'FRADISKA SENDI JULIO', 'Semarang', '2004-07-11', 'Slamet Sunardi', 'Bugangan Dalam C Rt.8/Rw.1', 5),
(589, '43963', 'FX. RIVALDO EXTO ROY SETIAWAN', 'Semarang', '2202-10-17', 'Albertus Irianto', 'Jl. Tambak Boyo Rt.9/Rw.2', 5),
(590, '43964', 'HENTRI ARFANDITO', 'Semarang', '2004-05-22', 'Tri Purnama', 'Ngablak Kidul Rt.3/Rw.8', 5),
(591, '43965', 'IRVAN AGUS NUGROHO', 'Semarang', '2004-01-16', 'Sulistiyanti', 'Jl. Bantengan III No.03', 5),
(592, '43966', 'JODY ARYA PRAMADITA', 'Semarang', '2002-04-12', 'Kasmo', 'Jl. Gemah Selatan I Rt.9/Rw.6', 5),
(593, '43967', 'KUKUH WARDIYANTO', 'Semarang', '2003-12-01', 'Warsiyem', 'Jl. Tanggungrejo IV Rt6/Rw.6', 5),
(594, '43968', 'LUTFI RANGGA PRASETYA', 'Semarang', '2003-03-25', 'Widi Setiyono Hadi', 'Jl. Tlogo timun I No.3B', 5),
(595, '43969', 'MUDKOLIKUL HADI', 'Semarang', '2002-09-28', 'Nurhadi', 'Rusunawa Kaligawe Blok E no.503', 5),
(596, '43970', 'MUHAMMAD AKBAR RIZAL SAPUTRA', 'Semarang', '2004-05-30', 'Kuswanto', 'Jl. Tanggungrejo Rt.3/Rw.6', 5),
(597, '43971', 'MUHAMMAD AUFAN NI''AM', 'Semarang', '2003-12-15', 'Rois Zamroni', 'Jl. Sembungharjo Rt.6/Rw.4', 5),
(598, '43972', 'MUHAMMAD BUDIONO', 'Semarang', '2002-12-08', 'Sugiyono', 'Tlogo Timun Rt.2/Rw.8', 5),
(599, '43973', 'MUHAMMAD MALIK FAJAR', 'Semarang', '2004-10-06', 'Eko Yulianto', 'Bangetayu Wetan Rt.2/Rw.5', 5),
(600, '43974', 'MUHAMMAD NABILUL MA''ARIF', 'Semarang', '2003-03-24', 'Sunoto', 'Jl. Ngablak Indah Rt.4/Rw.4', 5),
(601, '43975', 'MUHAMMAD RIZAL UHAIMIN', 'Semarang', '2004-03-05', 'Ngadimin', 'Jl. Pedurungan Tngah I Rt.6/Rw.1', 5),
(602, '43976', 'NICHOLAS TUTUT BUDI SAPUTRA', 'Demak', '2004-02-21', 'Agus Wibowo', 'Jl. Kanguru Rt.1/Rw.1', 5),
(603, '43977', 'PANCA AJI PRASETYO', 'Semarang', '2003-02-17', 'Slamet Riyadi', 'Jl. Trimulyo rt.6/Rw.4', 5),
(604, '43978', 'PUTRA ZANDEY GARNISATAMA', 'Semarang', '2004-03-22', 'Desi Koco Pratomo', 'Jl. Parang Kesit IV no.13', 5),
(605, '43979', 'RIZKY ADIT ABIMANYU', 'Jakarta', '2005-03-03', 'Rudiyana Subakti', 'Jl. Kyai Sholeh II Rt.4/Rw.1', 5),
(606, '43980', 'ROY AKBAR MIFTAH', 'Semarang', '2003-06-17', 'Andreanus Kia Ola', 'Dempel Sari Rt.3/rw.22', 5),
(607, '43981', 'ROYNALDI', 'Semarang', '2003-03-27', 'Purwanto', 'Karangroto Rt.4/Rw.4', 5),
(608, '43982', 'SHEVA MAULANA RISTPUTRA', 'Semarang', '2003-09-07', 'Rinto Dwi Setiadi', 'Jl. Medoho Seruni Rt.2/Rw.4', 5),
(609, '43983', 'SURYA NUR HASAN', 'Semarang', '2004-03-01', 'Suyono', 'Jl. Tanggungrejo Rt.6/Rw.6', 5),
(610, '43984', 'VERY', 'Kudus', '2003-09-22', 'Triono Iswahyudi', 'Karang Kimpul Rt.9/Rw.1', 5),
(611, '43985', 'ZAKI HARINANDA SAPUTRA', 'Semarang', '2004-03-15', 'M. Muhron', 'Perum Mutiara Hati Blok C No.10', 5),
(612, '23985', 'AHMAD ASIFUDDIN', 'Demak', '2004-04-16', 'Miftah', 'Tambak Seklenting Rt.1/Rw.11', 5),
(613, '23986', 'AJI SETIAWAN', 'Semarang', '2004-05-08', 'Sugiarwanto', 'Perum Griya Utama Banjardowo No.68', 5),
(614, '23987', 'AKBAR IVAN MAULANA', 'Semarang', '2004-02-27', 'Sri Buntari', 'Banjardowo Rt.8/Rw.4', 5),
(615, '23988', 'ANGGA MUHAMMAD SIDIQ', 'Semarang', '2004-03-16', 'Suhardo', 'Pancakarya 34/190', 5),
(616, '23989', 'ARDIAN BAYU SAPUTRA ', 'Semarang', '2004-05-08', 'Heru Wegnyo', 'Kalicari I Rt.2/Rw.4', 5),
(617, '23990', 'ARYO PUTRA ANANTO', 'Semarang', '2002-10-17', 'Dwi Sutanto', 'Karangroto Rt.5/Rw.3', 5),
(618, '23991', 'BAYU PANGESTU', 'Semarang', '2001-07-01', 'Joko Mulyono', 'Ngablak Kidul Rt.10/Rw.8', 5),
(619, '23992', 'CAKRA MANDALA', 'Semarang', '2003-02-21', 'Jonathan Surono', 'Condrorejo I Rt.3/Rw.10', 5),
(620, '23993', 'DINO DWI AGUS SETIAWAN', 'Semarang', '2003-08-06', 'Mulyanto', 'Jl. Sendang Indah Timur Rt.4/Rw.2', 5),
(621, '23994', 'EKO PRASETIYO', 'Semarang', '2004-04-07', 'Margiyanto', 'Kp. Bugen Utara Rt.3/Rw.3', 5),
(622, '23995', 'FIKKY ANDRIANSYAH', 'Demak', '2003-11-27', 'Nur Aziz', 'Kroyo Selatan Rt.3/Rw.2 Bonang Demak', 5),
(623, '23996', 'GILANG DWI PRATAMA', 'Semarang', '2003-09-01', 'Gito', 'Ngablak Kidul Rt.12/Rw.8', 5),
(624, '23997', 'IRVAN MAULANA SANDI', 'Semarang', '2002-04-18', 'Purwanto', 'Kp. Malang No.287-H', 5),
(625, '23998', 'ISA AL KHODRI', 'Semarang', '2004-09-29', 'Supriyanto', 'Jl. Purwosari VI Rt.7/Rw.3', 5),
(626, '23999', 'MUHAMAD IRGI FERDIAN      ', 'Semarang', '2002-08-09', 'Pudji Antoro', 'Kp. Bawangan Rt.15/Rw.2', 5),
(627, '24000', 'MUHAMAD RIFAI', 'Demak', '2004-05-25', 'Suparto', 'Griya Dempel Baru Jl. Mas I no.9', 5),
(628, '24001', 'MUHAMMAD MAULANA RISKY', 'Semarang', '2004-04-03', 'Suyono', 'Genuksari Rt.8/Rw.8', 5),
(629, '24002', 'NANANG INDRI WIBAWA', 'Semarang', '2004-06-06', 'Mugiyono', 'Ngablak Kidul Rt.12/Rw.8', 5),
(630, '24003', 'REDA VERDIAS PUTRA', 'Semarang', '2003-11-22', 'Chaerun Soleh', 'Ngablak Kidul Rt.12/Rw.8', 5),
(631, '24004', 'RICO PANJI KUSUMA', 'Semarang', '2002-07-22', 'Suparjo', 'Jl. Karangroto Barat Rt.14/Rw.3', 5),
(632, '24005', 'RIFQI DWI AJI', 'Semarang', '2004-04-25', 'Sugeng Waluyo', 'Pancakarya 34/192A', 5),
(633, '24006', 'RISKI WAHYU EKO S', 'Boyolali', '2002-09-22', 'Julianto', 'Ngablak Kidul Rt.12/Rw.8', 5),
(634, '24007', 'RISKY AGUS DWI PURWANTO', 'Semarang', '2003-08-20', 'Joko Susilo', 'Jl. Kimar I Rt.4/Rw.2', 5),
(635, '24008', 'RIZQI TAUFIQURROHMAN', 'Semarang', '2003-11-25', 'M. Abdullah Bejo', 'Genuksari Rt.5/Rw.4', 5),
(636, '24009', 'STEVEN JONATHAN ROI', 'Semarang', '2003-02-18', 'Santoso', 'Karangkojo Utara 397', 5),
(637, '24010', 'WAKHID SANTOSO', 'Semarang', '2004-02-06', 'Muhammad Mustofa', 'Gasem Raya Rt.2/Rw.4', 5),
(638, '24011', 'ZIDAN AULIANSYAH', 'Semarang', '2004-01-29', 'Abdul Sumanan', 'Jl. Penjaringan no.18', 5),
(639, '23795', 'Abraham Priyo Nusantoro', 'Semarang', '2003-08-01', 'Hendro Wibowo Nusantoro', 'Terboyo Wetan', 5),
(640, '23797', 'ALFIAN NUR HAKIM', 'Semarang', '2003-02-22', 'Nur Hayati', 'Dk. Genting RT 01 RW 06', 5),
(641, '23800', 'Fadhela Cornelia Permata Sari', 'SEMARANG', '2002-03-31', 'KORNALIS SADONO', 'PETELAN UTARA NO 910D RT3/8', 5),
(642, '23801', 'Faisal Risky Kurniawan', 'SEMARANG', '2002-05-17', 'SLAMET PRIHATIN', 'KP CODROREJO', 5),
(643, '23802', 'Ferdi Ichsan Maulana', 'SEMARANG', '2002-12-25', 'SALAMI', 'BANGETAYU WETAN', 5),
(644, '23803', 'Hasim Rohman', 'Demak', '2002-08-09', 'Muhadi', 'Wonoagung', 5),
(645, '23804', 'IBNU ALWAN', 'Jakarta', '2003-08-15', 'Lidya Sari', 'Jl. Dadapan RT 06 RW 02 ', 5),
(646, '23805', 'Ibnu Saputra', 'Nganjuk', '2002-03-23', 'Samuji', 'Tanggulangin', 5),
(647, '23806', 'IQBAL DITO SAPUTRA', 'Semarang', '2002-03-27', 'Djatmiyatun', 'Jl. Pandansari IA RT 05 RW 01', 5),
(648, '23808', 'Kalingga Dikario Ardana', 'SEMARANG', '2002-06-29', 'PAWI', 'SAWAH BESAR VI RT 01/RW 04 SAWAH BESAR KALIGAWE', 5),
(649, '23810', 'Kukuh Rian Bekti Pamungkas', 'SEMARANG', '2002-05-05', 'DJARWOTO', 'SAWAH BESAR', 5),
(650, '23812', 'Moch Hussein Al Jufri', 'Semarang', '2002-12-23', 'Abu bakar', 'Kp. Begog No. 10', 5),
(651, '23813', 'Moch. Rafly Efendi', 'Semarang', '2003-07-03', 'TriHaryono', 'Wahyu Temurun XIV No. 16', 5),
(652, '23814', 'Muhammad Bagas Prasetyo', 'SEMARANG', '2003-03-19', 'RASMIN', 'JL. WIDURI 03', 5),
(653, '23815', 'M. BAHRUDIN', 'Semarang', '2002-04-21', 'Turhamim', 'Penggaron Kidul Rt.5/Rw.3', 5),
(654, '23816', 'Nicken Eka Putri Riyanti', 'SEMARANG', '2003-08-28', 'RIYADI KURNIAWAN', 'JL. KARANG ANYAR', 5),
(655, '23817', 'WILDAN BAYU ANGGARA', 'Semarang', '2003-01-13', 'Kisnanti', 'Jl. Penggaron Kidul RT 03 RW 02', 5),
(656, '23819', 'BACHTIAR SULISTYO', 'Semarang', '2003-01-19', 'Endang Sulistyowati', 'Pengapon Kp. Grogolan 311A', 5),
(657, '23822', 'Septian Bima Sakti Perdana', 'Semarang', '2003-09-01', 'Marsono', 'Jl. Tambak Dalam Raya No. 24 A', 5),
(658, '23824', 'VEIRAZ NUR HUDAMARRINDYO', 'Semarang', '2002-04-12', 'Meirdy Ruhaska', 'Jl. Sawah Besar XII Rusunawa Kaligawe Rt.2/Rw.10', 5),
(659, '23825', 'BAGUS PUTRA WIJAYA', 'Semarang', '2003-03-13', 'Sunardi', 'Pucang Gading Rt3/Rw.11', 5),
(660, '23828', 'GALIH ERLANGGA PUTRA', 'Semarang', '2002-06-02', 'Sunardi', 'Jl. Batursari IV Rt.5/Rw.6', 5),
(661, '43654', 'Aang Dwi Saputra', 'Semarang', '2002-04-20', 'Marwoto', 'Jl. Ronggowarsito  no. 106', 5),
(662, '43655', 'Achmad Danindra Rafikhiyanto', 'Semarang', '2000-09-23', 'Torikon', 'Palebon', 5),
(663, '43656', 'Ade Julianto Wahyu Prasetio', 'Semarang', '2001-07-27', 'Achirudin', 'Jl. Ronggowarsito 106', 5),
(664, '43658', 'Andika Bagus Setiawan', 'Semarang', '2003-01-07', 'Rahmad', 'Widuri', 5),
(665, '43659', 'Ardian Bagas Pradana', 'Demak', '2002-06-05', 'Nyarman', 'Manggis 3 No. 17', 5),
(666, '43660', 'Bagus Aji Saputra', 'Semarang', '2003-04-24', 'Mujiono', 'Jl. RE Martadinata', 5),
(667, '43661', 'Bagus Putra Aditya', 'SEMARANG', '2003-02-08', 'KHASIRIN', 'TAMBAK MULYO', 5),
(668, '43662', 'Dimas Candra Aditya', 'Semarang', '2003-01-19', 'Masyhuri', 'Genuksari', 5),
(669, '43663', 'Fatur Nastain Saputra', 'Semarang', '2001-07-01', 'Sarno', 'Dk. Juwono', 5),
(670, '43664', 'Ferdian Deni Saputra', 'Grobogan', '2003-05-22', 'Zamroni', 'Sedayu Kenanga 1', 5),
(671, '43666', 'Firmansah Maulah', 'SEMARANG', '2001-03-14', 'WIDODO', 'TAMBAK MULYO', 5),
(672, '43668', 'Gilang Saputro', 'Semarang', '2003-01-12', 'Gito', 'Condrorejo', 5),
(673, '43669', 'Herrybertus Anggisavio Irawan', 'SEMARANG', '2000-06-21', 'Aswanto', 'Jalan Sidodrajat XIV No. 04', 5),
(674, '43670', 'Maulana Ardiksa', 'SEMARANG', '2002-07-09', 'Eko Suhardi', 'Perum Klipang Blok P-II No. 17', 5),
(675, '43671', 'Milki Rival Sagita', 'SEMARANG', '2003-05-25', 'KUAT SUPRIYONO', 'JL. TENGGANG', 5),
(676, '43672', 'Muhammad Akbar', 'TEKAD', '2002-07-02', 'MOCHTAR', 'TANGGUNGREJO', 5),
(677, '43673', 'Muhammad Aksa Putra Ernanto', 'SEMARANG', '2003-07-26', 'SUKAMTO', 'GENUKSARI', 5),
(678, '43674', 'Muslih Abdul Kholik', 'Semarang', '2001-11-03', 'Sudir', 'Tambak Mulyo', 5),
(679, '43676', 'Rafael Bryan Wijaya', 'SEMARANG', '2002-03-06', 'GUNAWAN WIDJAJA', 'Cilosari Dalam', 5),
(680, '43678', 'Rio Andreas Saputra', 'Semarang', '2002-09-19', 'Suwarno', 'Cilosari Dalam', 5),
(681, '43679', 'Rio Setiawan', 'Semarang', '2002-01-23', 'Rofi''i', 'Karang Anyar', 5),
(682, '43680', 'Rully Setiawan', 'Semarang', '2003-05-15', 'Sunaryo', 'Wahyu Temurun XIV No. 6', 5),
(683, '43681', 'Sandy Dwi Handi Saputra', 'Semarang', '2003-03-14', 'Suharno', 'Gangin', 5),
(684, '43682', 'Satrio Wahyuning Gusti', 'SEMARANG', '2003-05-29', 'AMAT KUWAT', 'JLN. KARANGANYAR', 5),
(685, '83683', 'Septyan Nur Rohman', 'Semarang', '2002-09-24', 'Wahab', 'Sunan kali Jaga', 5),
(686, '43684', 'Wahyu Cahyo Nugroho', 'Semarang', '2002-10-30', 'Maskamim', 'Tambak Mulyo', 5),
(687, '43687', 'Yulfi Karleto', 'SEMARANG', '2002-07-21', 'SUKENI', 'TAMBAK MULYO', 5),
(688, '43688', 'Yusuf Rahman', 'Bau-Bau', '2000-04-08', 'Rahman', 'Bangetayu Wetan', 5),
(689, '43689', 'Zaky Lutfi Al Ridho Putra Yuli Yanto', 'SEMARANG', '2002-08-08', 'SUPARYANTO', 'Pedurungan Tengah', 5),
(690, '43691', 'Adik Prasetiyo', 'SEMARANG', '2002-05-12', 'MASTURI', 'TAMBAK MULYO', 5),
(691, '43692', 'ADITIYA ARDIANA PRAMUDIA', 'Semarang', '2003-05-14', 'Kamsinah', 'Jl. Penggaron Kidul RT 02 RW 06', 5),
(692, '43693', 'Achmad Chandra Lukito Wijaya', 'SEMARANG', '2002-04-04', 'SITI MUYAROAH', 'JLN. KARANGLO', 5),
(693, '43694', 'AHMAD FAIZUD DAROINI', 'Semarang', '2003-06-25', 'Mas''udah', 'Jl. Kalibaru Timur RT 01 RW 09', 5),
(694, '43695', 'AHMAD RIZKI MAULANA IBROHIM', 'Demak', '2002-10-19', 'Kamsih', 'Jl. Wringinjajar RT 02 RW 01', 5),
(695, '43696', 'Akhmad Julianto', 'SEMARANG', '2002-07-20', 'SUWARNO', 'PEDURUNGAN KIDUL', 5),
(696, '43697', 'ANDIKA DYIMAS PERMANA', 'Semarang', '2003-07-23', 'Sumarni', 'Jl. Penggaron Kidul RT 07 RW 01', 5),
(697, '43698', 'ANJANGMAS WAHYU ANOM', 'Semarang', '2002-10-10', 'Sumarmi', 'Jl. Genuksari RT 01 RW 03 ', 5),
(698, '43699', 'Ardi Muhammad Dani', 'SEMARANG', '2002-11-16', 'KARSUDI', 'KABA RAYA NO.36', 5),
(699, '43700', 'Ari Akbar Romadhon', 'SEMARANG', '2002-11-25', 'SOLIKIN', 'TAMBAK MULYO', 5),
(700, '43701', 'Arya Pramudya Wardana', 'Semarang', '2003-08-01', 'Nur Aksan', 'Jl. Tanggungrejo', 5),
(701, '43702', 'Bakhtiar Julianto', 'SEMARANG', '2002-07-20', 'SUWARNO', 'PEDURUNGAN KIDUL', 5),
(702, '43703', 'Robby Amirullah', 'Semarang', '2003-03-23', 'Amiri', 'Sendang Indah', 5),
(703, '43704', 'Budi Triatmojo Bagus Widodo', 'SEMARANG', '2002-10-26', 'BUDI PURWADI', 'JL AGATHIS NO 996 10 8  PLAMONGAN SARI', 5),
(704, '43705', 'Candra Ali Naseha', 'DEMAK', '2004-07-20', 'Asrori', 'Karangroto', 5),
(705, '43706', 'Dava Dawang Bantar Swara', 'SEMARANG', '2002-11-29', 'KARSENO', 'NGABLAK', 5),
(706, '43707', 'Diaz Muhammad Rayhan', 'SEMARANG', '2003-06-06', 'RADEN LESNAR ANGGORO', 'PANDANSARI VII', 5),
(707, '43708', 'Dimas Indra Kusuma', 'Semarang', '2002-08-04', 'Arifin', 'Tanggulrejo Genuk', 5),
(708, '43709', 'FAISAL KHINANDA', 'Semarang', '2003-08-24', 'Munadhiroh', 'Jl. Penggaron Kidul RT 02 RW 02', 5),
(709, '43710', 'Ferdian Raka Saputra', 'SEMARANG', '2003-08-08', 'JOKO SUSILO', 'TAMAN BUKIT ASRI BF - 110', 5),
(710, '43711', 'GALANG WAHYU FEBRIAN', 'Semarang', '2003-02-02', 'Eko Fitriani', 'Jl. Genuksari RT 03 RW 02', 5),
(711, '43712', 'Hendri Dwi Saputra', 'SEMARANG', '2001-08-28', 'RUSLAN EFENDI', 'TAMBAK MULYO', 5),
(712, '43713', 'Heru Pamungkas', 'Semarang', '2002-07-18', 'Sutomo', 'Ampel Sari', 5),
(713, '43715', 'Mohamad Abdul Rozak', 'Semarang', '2003-02-11', 'Mawan Harmadi', 'Margosari Baru', 5),
(714, '43716', 'Mohamad Rendy Saputro', 'SRAGEN', '2001-11-05', 'SULISTIYANTO HARI PRABOWO', 'JL. PATRIOT V/B-22 RT 02 RW 06 PURWOSARI 0 0  PURW', 5),
(715, '43717', 'Muhamad Iqbal', 'Jepara', '2002-11-19', 'Jumari', 'Tanggung Rejo III', 5),
(716, '43718', 'Muhamad Nur Syafi''i', 'SEMARANG', '2002-12-12', 'GATOT SURATNO', 'TAMBAKREJO', 5),
(717, '43719', 'Nanda Irawan', 'SEMARANG', '2003-03-05', 'ISYUNAVIF', 'TAMBAK MULYO', 5),
(718, '43721', 'Ricky Bngun Kurniawan', 'Semarang', '2002-09-10', 'Sutrisno', 'Sedayu Pelem', 5),
(719, '43722', 'Sanjoy Vino Agustin', 'SEMARANG', '2003-03-19', 'AGUS ACHMAD JUAHIR', 'GANGINSARI', 5),
(720, '43723', 'SYAHRUL NABAWI', 'Semarang', '2003-03-29', 'Juwariyah', 'Jl. Tlogomulyo RT 03 RW 07', 5),
(721, '43724', 'M TAOCHID MAOLANA', 'Semarang', '2003-05-24', 'Asrokah', 'Jl. Penggaron Kidul RT 04 RW 02', 5),
(722, '43725', 'Yoga Setiawan', 'Semarang', '2002-11-04', 'Karjono', 'Karanganyar', 5),
(723, '43827', 'RAMA MAULANA AZHARI', 'SEMARANG', '2002-05-14', 'Muhammad Zubaidi', 'Jl. Sedayu Indah Rt.11/Rw.2', 5),
(724, '43726', 'Adam Dwi Wibowo', 'SEMARANG', '2002-05-29', 'Prabowo', 'Banjardowo', 5),
(725, '43727', 'Ahmat Rhomadon', 'SEMARANG', '2001-11-15', 'Akrom', 'Jl. Kalicari IV', 5),
(726, '43728', 'Angga Handika Putra', 'SEMARANG', '2001-05-18', 'SUYAMTO', 'JL. SENDANG INDAH TIMUR', 5),
(727, '43730', 'Bagus Budi Setiyawan', 'Semarang', '2001-10-13', 'Budiono', 'Sumur Bong', 5),
(728, '43731', 'Bisma Mailandisi Wicaksana', 'SEMARANG', '2003-05-29', 'Sugiarto', 'Asr. Soponyono', 5),
(729, '43733', 'Dany Alvin Saputra', 'SEMARANG', '2002-03-21', 'SISWANTO', 'SEDAYU JATI BANGETAYU KULON', 5),
(730, '43734', 'Dwi Angga Putra Lukita', 'Semarang', '2003-03-25', 'Candra Luluk Alfrianto', 'Bitaranraya', 5),
(731, '43735', 'Eka Ramadani', 'Semarang', '2003-10-27', 'Arvianto Rochimny', 'Jl. Banteng Utara IX', 5),
(732, '43736', 'Feri Setiawan Sutopo', 'SEMARANG', '2002-03-13', 'Sutopo', 'Jalan Sendang Indah Timur', 5),
(733, '43737', 'Fernando Arya Rahmadani', 'Semarang', '2002-12-03', 'Bambang Prawoyo', 'Jl.Taman Batursari Indah Blok H/109', 5),
(734, '43738', 'Kenworth Syahrial Handoko', 'SEMARANG', '2002-01-20', 'HERRY DWI HANDOKO', 'KLIPANG', 5),
(735, '43739', 'Kiki Wasis Basuki', 'SEMARANG', '2003-07-08', 'BASUKI', 'GENUKSARI', 5),
(736, '43740', 'Loppez Alfhin Wattan Priyatmo', 'SEMARANG', '2003-12-13', 'Teguh Priyatmo', 'Trimulyo', 5),
(737, '43741', 'MAULANA TAUFIK RACHMAD HIDAYAT', 'Semarang', '2002-07-16', 'Pujianti', 'Jl. Ngestimulyo RT 04 RW 03', 5),
(738, '43742', 'Muhammad Ilham', 'SEMARANG', '2003-04-24', 'MUHAMMAD ZAENI', 'BANJARDOWO', 5),
(739, '43743', 'Muhammad Andry Sheva Herlambang', 'DEMAK', '2002-10-16', 'Donny Prasetyo', 'Jalan Pedurungan Kidul V/17', 5),
(740, '43744', 'Muchammad Ismail', 'SEMARANG', '2002-05-06', 'Muh. Ansori', 'Syuhada Raya No.98', 5),
(741, '43746', 'Naufal Gilang Ramdhani', 'SUKOHARJO', '2003-11-22', 'Sugiarto', 'Jalan Depok Sari II', 5),
(742, '43747', 'Nico Arya Nugroho', 'SEMARANG', '2003-04-11', 'Warno', 'Kp. Ngablak', 5),
(743, '43748', 'Nova Suryadhana', 'SEMARANG', '2002-11-30', 'Ahmad Mudzakir', 'Jl. Suryo Kusumo I/65 Perumnas Tlogosari', 5),
(744, '43749', 'RAKA RIZKY DUARTA', 'Semarang', '2002-08-24', 'Rubiyati', 'Jl. Genuksari RT 06 RW 07 ', 5),
(745, '43750', 'Ridwan Ardiansyah', 'SEMARANG', '2003-01-03', 'SUPAAT', 'PEDURUNGAN KIDUL V', 5),
(746, '43751', 'Riko Fanky Saputra', 'KARANGANYAR', '2003-07-12', 'IRWAN JUNAIDI', 'KEBON INDAH VI/46 PUCANGGADING', 5),
(747, '43752', 'Riszal Handik Martian', 'SEMARANG', '2002-03-02', 'Aris Sunarto', 'Cilosari Dalam', 5),
(748, '43753', 'Rizky Yudha Pradana', 'SEMARANG', '2003-05-02', 'RISDIANTORO', 'JL. RADEN PATAH KP .GEDONG SARI NO. 96 A 4 3  REJOMULYO', 5),
(749, '43754', 'Satrya Rhava Pratama', 'SEMARANG', '2003-04-02', 'AGUS SUSANTO', 'JL. TANGGUNGREJO', 5),
(750, '43755', 'Sebastian Bach Karendra', 'Semarang', '2002-10-02', 'Sri Umiyati', 'Jl. Trengguli 1/53', 5),
(751, '43756', 'Sendi Saputra', 'SEMARANG', '2003-09-16', 'KARSONO', 'JL. SEDOMPYONG IV NO. 16', 5),
(752, '43757', 'Setiawan Adi Nugroho', 'Demak', '2003-02-02', 'Tri Soekristijono', 'Jl.Kebon Sawit 2,No;27', 5),
(753, '43758', 'SIGIT PRAYOGO', 'Semarang', '2002-10-27', 'Sudarwati', 'Jl. Penggaron Kidul RT 07 RW 01', 5),
(754, '43759', 'Syahrul Dwi Rahmanto', 'JAKARTA', '2002-10-06', 'SUNARI', 'ASR. YON KAV 7', 5),
(755, '43760', 'Timor Taha Alamsyah', 'Semarang', '2003-03-01', 'Joko Nur Isam', 'Gebangsari Mranggen Demak', 5),
(756, '43761', 'Yudi Pratama', 'GROBOGAN', '2002-09-27', 'SUYADI', 'JL GAJAH TIMUR IV', 5),
(757, '43762', 'Adi Setiawan', 'Semarang', '1999-08-29', 'Sunardi', 'Jl. Kanguru Utara III No 19', 5),
(758, '43763', 'Aerio Deva Wardana', 'Sukoharjo', '2003-03-21', 'JUNI PUJIYANTO', 'Jl. Irigari No. 54', 5),
(759, '43764', 'AGUNG SUPRIYADI', 'Semarang', '2001-08-12', 'Kawit', 'Jl. Bangetayu Wetan RT 07 RW 01', 5),
(760, '43765', 'Ahmad Riski Maulana', 'DEMAK', '2003-09-17', 'NUR HASIM', 'KARANGROTO', 5),
(761, '43766', 'Alfin Andi Wibowo', 'Semarang', '2000-06-06', 'Sudarsono', 'Cebolok', 5),
(762, '43767', 'Ananda Rayhan Putra Pratama', 'Semarang', '2003-03-26', 'Djoni', 'Plamongan Sari', 5),
(763, '43768', 'Adriano Marsell Setiawan', 'Semarang', '2003-03-16', 'Dwi Setiawan', 'Lamper Tengah XII No. 83', 5),
(764, '43769', 'Arya Hendrawan Sutrisno', 'Semarang', '2003-07-14', 'Sutrisno', 'Kebon Arum Selatan', 5),
(765, '43770', 'ARYO YUDANTO', 'Semarang', '2003-02-17', 'Poniyem', 'Jl. Medoho Seruni RT 02 RW 04', 5),
(766, '43771', 'Bagus  Saputra', 'Semarang', '2001-07-06', 'Dian  Setiawan', 'Jl. Kebon Rejo Timur Raya', 5),
(767, '43772', 'Bima Nanda Saputra', 'GROBOGAN', '2003-09-26', 'SHASI KHAPOR', 'KYAI SYAKIR RAYA', 5),
(768, '43774', 'Dani Putra Anggara', 'SEMARANG', '2002-05-21', 'SUKOYO', 'KEBONREJO TIMUR RAYA 48', 5),
(769, '43775', 'DIMAS ADITYA TRI LAKSONO', 'Semarang', '2002-02-13', 'Sudarsih', 'Jl. Tlogosari Wetan RT 04 RW 04', 5),
(770, '43776', 'Dimas Aji Satrio', 'Semarang', '2003-11-02', 'Winarno', 'HOS Cokroaminoto no.15C', 5),
(771, '43777', 'Dimas Dwiari Setya Budi', 'SEMARANG', '2002-11-03', 'SETYA BUDI UTAMA', 'GENUKSARI', 5),
(772, '43778', 'Dito Apriyanto', 'SUKOHARJO', '2003-04-13', 'TRIYONO', 'LEMBAYUNG', 5),
(773, '43779', 'Fernanda Rizky Ramandika', 'SEMARANG', '2002-11-15', 'MARGONO', 'SENDANG INDAH BARAT', 5),
(774, '43780', 'Garindra Yudistira Rusdiansyah', 'BLORA', '2003-07-15', 'RUSDIANTO', 'PRP BLOK J NO 2', 5),
(775, '43781', 'HAIDAR HANUN', 'Semarang', '2003-01-31', 'Sri Lestari', 'Jl. Pancakarya Blok 33/181 RT 04 RW 06', 5),
(776, '43782', 'Muhammad Rizliandi Aufillah', 'Semarang', '2002-04-22', 'Rizal MS', 'Jl. Gringsing 3 No. 26', 5),
(777, '43783', 'Muhammad Gusti Fattahilah', 'Semarang', '2003-10-18', 'Agus Budhyanto', 'Kebon Arum Selatan I No. 24', 5),
(778, '43784', 'MAHARDIKA PRATAMA PUTRA', 'Semarang', '2002-10-14', 'Surati', 'Jl. Sedompyong I/26 RT 07 RW 11', 5),
(779, '43785', 'MIFTAHUL HUDA', 'Demak', '2002-02-15', 'Siti Rukanah', 'Jl. Jetis RT 01 RW 04', 5),
(780, '43786', 'Miftahul Rozak', 'DEMAK', '2002-02-15', 'Malkudi', 'Jetis', 5),
(781, '43787', 'Muhamad Ryan Giggs', 'Semarang', '2002-12-23', 'Riyanto', 'Keper III', 5),
(782, '43788', 'Muhammad Kurniawan', 'SEMARANG', '2003-07-04', 'IWAN SUPRIYANTO', 'KARANGROTO BLOK C', 5),
(783, '43789', 'Nandy Ralvin Rustri Mulya', 'Demak', '2003-02-27', 'Budi Russiswanto', 'Bandungsari', 5),
(784, '43790', 'Rio Febry Ardiansyah', 'SURABAYA', '2003-02-01', 'HERU SETIAWAN', 'GUBENG KERTAJAYA 3/7', 5),
(785, '43791', 'Rizky Nur Prayogo', 'Klaten', '2003-01-19', 'Imam Prayogo', 'Karangroto', 5),
(786, '43792', 'Yahya Ardi Putra', 'Semarang', '2003-01-23', 'Kardi', 'Jl. Tambak Dalam Raya 01', 5),
(787, '43793', 'Yudha Agil Pramuda', 'Semarang', '2002-07-23', 'Heriyanto', 'Pergiwati III/15', 5),
(788, '43794', 'Yusuf Jaka Satria', 'Semarang', '2003-07-02', 'Satiman', 'Gasem Baru', 5),
(789, '43820', 'Marwa Sihab', 'SEMARANG', '2003-04-17', 'MOCHAMAD ABDU', 'KARANGROTO BVLOK C', 5),
(790, '43821', 'Alfito Ardian Maulana', 'SEMARANG', '2002-12-25', 'JUMARI', 'SEDOMPYONG 5', 5),
(791, '23625', 'Abdul Latif', 'Demak', '2001-10-16', 'ZAENAL ARIFIN', 'Jl. Kroya Selatan', 5),
(792, '23626', 'Al Dimas Aria Setiawan', 'Semarang', '2002-02-24', 'AGUS SETIAWAN', 'Jl. Kradenan Lama', 5),
(793, '23627', 'Aldo Novianto', 'Semarang', '2001-11-29', 'MULYADI', 'Jl. Pedurungan Kidul VI', 5),
(794, '23628', 'Alif Hidayah', 'Semarang', '2001-03-19', 'ASMUNI', 'Jl. Widuri II', 5),
(795, '23629', 'Anang Febrian', 'Semarang', '2001-02-18', 'PRIYO BUDI YUDANANTO', 'Jl. Kebon Rojo Selatan III No.2', 5),
(796, '23630', 'Arie Nur Fadhila', 'Jepara', '2002-01-27', 'SADIMIN', 'Jl. Tanggul Rejo', 5),
(797, '23632', 'Arun Faturrohman', 'Demak', '2001-07-22', 'AHMAD', 'Jl. Karangtarup', 5),
(798, '23634', 'Bambang Tri Pamungkas', 'Semarang', '2000-04-18', 'ALWI SOEHARDI', 'Jl. Bangetayu Mulyo III No.32', 5),
(799, '23635', 'Erick Yusuf Ardian', 'Semarang', '2001-02-26', 'MUJIONO', 'Jl. Tlogosari Wetan', 5),
(800, '23636', 'Farhandani Febriyanto', 'Semarang', '2002-02-23', 'YULI PRIYANTO', 'Jl. Patiunus I No.24', 5),
(801, '23637', 'Firdiansyah Dwi Ardhani', 'Semarang', '2002-01-06', 'SAICHUN', 'Jl. Tlogo Timun', 5),
(802, '23638', 'Hanif Dzulfaqor', 'Semarang', '2002-08-08', 'MUJIONO', 'Jl. Kaba Timur', 5),
(803, '23640', 'Kurniawan', 'Semarang', '2000-07-29', 'RASMAN', 'Jl. Siwalan I', 5),
(804, '23641', 'Muhamad Mafachir', 'Semarang', '2001-04-12', 'ACHYADI', 'Jl. Tikungbaru III RT. 3/RW. 7', 5),
(805, '23643', 'Muhammad Thobagus Yazid', 'Demak', '2000-11-22', 'MASFURI', 'Jl. Kroya RT. 3/RW. 2', 5),
(806, '23645', 'Prasuto Arya Danurdara', 'Semarang', '2001-12-24', 'SUDJAYANI', 'Jl. Sendangguwo Selatan RT. 16/RW. 2', 5),
(807, '23646', 'Rafly Pradib Arisyahputra', 'Semarang', '2002-02-02', 'ZAINAL ARIFIN', 'Jl. Petelan Utara 904A', 5),
(808, '23647', 'Rio Fuji Setiawan', 'Semarang', '2002-10-02', 'MAT SAKUWAN', 'Jl. Penggaron Kidul RT. 2/RW. 5', 5),
(809, '23648', 'Rivansa Gautama Pradikta', 'Semarang', '2002-04-29', 'HENDI ASTIKO YUWONO', 'Jl. Gayamsari Selatan RT. 8/RW. 3', 5),
(810, '23649', 'Yunizar Fernanda Hardyansyah', 'Semarang', '2002-06-12', 'SIGIT NUR BAMBANG', 'Jl. Petelan Utara 885 RT. 7/RW. 8', 5),
(811, '23818', 'Rudiyanto', 'Semarang', '2000-05-03', 'Priyanto', 'Jl. Jolotundo I', 5),
(812, '43590', 'Abdul Khamid', 'Semarang', '2000-06-22', 'ABDULLAH', 'Jl. Tlogomulyo', 5),
(813, '43591', 'Akbar Bagas Dwi Mahendra', 'Semarang', '2002-02-22', 'MULYADI', 'Kp. Bugen Utara', 5),
(814, '43592', 'Arnanda Rizka Pratama', 'Semarang', '2002-08-26', 'TRI SUJARWADI', 'Jl. Kawi VI', 5),
(815, '43486', 'Bagas Dwi Nurcahyo', 'Yogyakarta', '2002-06-28', 'SUTARMAN', 'Jl. Dempel Baru Permata Kav. 42', 5),
(816, '43593', 'Bagus Putra Sanjaya', 'Semarang', '2002-04-18', 'SUTIKNO', 'Jl. Genuksari', 5),
(817, '43594', 'Bhisma Dwiki Priyandana', 'Semarang', '2001-11-22', 'YUS PRIYANTO', 'Jl. Bugangan IV/409', 5),
(818, '43487', 'Bima Hardianto', 'Semarang', '2002-08-27', 'ERY NOVIANTO', 'Jl. Al Barokah RT. 11/RW. 25 MUKTIHARJO KIDUL', 5),
(819, '43488', 'Dhika Maulana Saputra Dimas', 'Semarang', '2000-01-19', 'NGADINO', 'Jl. Firafa II RT. 4/RW. 1 TLOGOMULYO', 5),
(820, '43489', 'Doni Aji Saputro', 'Semarang', '2002-12-02', 'SISWANTO', 'Jl. Kebonharjo RT. 10/RW. 6', 5),
(821, '43490', 'Eko Fachrul Cahyo', 'Semarang', '2001-09-27', 'WARSITO', 'Jl. Genuksari RT. 2/RW. 3', 5),
(822, '43595', 'Eko Wahyu Apriyanto', 'Boyolali', '2001-04-28', 'ABDURROHMAN', 'Jl. Tawangsari', 5),
(823, '43491', 'Erik Maulana Ibrahim', 'Semarang', '2000-07-17', 'SLAMET ROHADI', 'Semarang', 5),
(824, '43492', 'Faizal Dwi Putra', 'Semarang', '2002-01-22', 'SUKIMAN', 'Jl. Penggaron Kidul', 5),
(825, '43597', 'Faizal Fajrin', 'Demak', '2002-01-24', 'SUSTIYONO', 'Pr. Patah Blok G.24', 5),
(826, '43493', 'Febri Mahendra Saputro', 'Jepara', '2000-06-11', 'ZAINURI', 'Jl. Gayamsari I', 5),
(827, '43494', 'Ferdian Cakra Bimantara', 'Semarang', '2001-10-23', 'HARIYADI', 'Jl. Sendang Indah Timur', 5),
(828, '43601', 'Galang Ardhana', 'Semarang', '2001-05-20', 'PUJIANTO', 'Jl. Sendang Indah Timur', 5),
(829, '43496', 'Ilham Bagos Irawan', 'Kab. Semarang', '2001-05-24', 'ANANG WIDIANTORO', 'Jl. Kebonharjo', 5),
(830, '43497', 'Krisna Setiawan', 'Semarang', '2002-06-04', 'WIDODO', 'Jl. Karangroto', 5),
(831, '43498', 'M. Saddam Dimas Pratama', 'Semarang', '2002-07-15', 'MOHAMMAD ARIFIN', 'Jl. Kertobangsan', 5),
(832, '43499', 'Maulana Ari Wibowo', 'Wonogiri', '2002-06-16', 'TARNO', 'Jl. Karangroto', 5),
(833, '43603', 'Mokhamad Ma''ruf Jamalulail', 'Semarang', '2001-09-10', 'SUHARIYANTO', 'Jl. Margosari', 5),
(834, '43606', 'Muhamad Ali Bronto', 'Semarang', '2002-06-07', 'SUPARTONO', 'Jl. Menjangan IV/11', 5),
(835, '43501', 'Muhamad Erik Devanda', 'Grobogan', '2002-04-01', 'BAGIYO', 'Jl. Suhada Tengah', 5),
(836, '43502', 'Muhammad Faisal Caesar', 'Semarang', '2000-04-23', 'LILIK PRIYADI', 'Jl. Sumur Adem Kp. Jempono', 5),
(837, '43503', 'Muhammad Fauzan', 'Semarang', '2001-09-04', 'BAKHRUN', 'Jl. Badak VII/1', 5),
(838, '43504', 'Muhammad Hanif', 'Semarang', '2002-10-16', 'STUPA JULI SUSANTO', 'Jl. Maltibaru I No. 17-A', 5),
(839, '43436', 'Romadhon Prihatono', 'Grobogan', '2000-12-24', 'Sipon', 'Jl. Syuhada Barat IV', 5),
(840, '43506', 'Ramdhan Afriyanto', 'Semarang', '2001-11-23', 'SUPRIYANTO', 'Jl. Perum P4A Blok H-11', 5),
(841, '43507', 'Rifky Nur Wahid', 'Semarang', '2001-04-29', 'SUKARNO WIJIL', 'Jl. Purwomukti Barat', 5),
(842, '43508', 'Riski Ardianto Efendi', 'Semarang', '2002-03-18', 'WAHYUDI', 'Jl. Karang Tengah', 5),
(843, '43510', 'Roy Ardian Nugroho', 'Semarang', '2001-03-27', 'KRISTANTO', 'Jl. Sendangguwo Utara 2', 5),
(844, '43512', 'Surya Ade Kurniyawan', 'Semarang', '2001-03-25', 'KARONO', 'Kp. Sawah Besar XII', 5),
(845, '43513', 'Surya Dian Nanda', 'Semarang', '2001-07-08', 'BUDIANTO', 'Jl. Tanggungrejo', 5),
(846, '43514', 'Tauchid Hidayatur Rochman', 'Semarang', '2002-09-19', 'ISWOYO', 'Kp. Dempel Lor', 5),
(847, '43515', 'Tegar Dian Saputra', 'Semarang', '2002-03-31', 'SUPRIYANTO', 'Jl. Gajah Timur Dalam VI', 5),
(848, '43516', 'Widodo', 'Semarang', '2002-01-21', 'ASRORI', 'Jl. Tanggungrejo I', 5),
(849, '43517', 'Zidan Rizka Setiawan', 'Semarang', '2002-06-29', 'AGUS MARYONO', 'Kp. Penjaringan', 5),
(850, '43518', 'Adam Indra Fadli', 'Semarang', '2001-04-28', 'ROHMAT', 'Jl. Tlogomulya', 5),
(851, '43519', 'Adi Achmadio', 'Semarang', '2001-04-10', 'DARIYO', 'Jl. Ngestimulyo', 5),
(852, '43520', 'Adi Prabowo', 'Semarang', '2002-02-04', 'TRIYANTO', 'Jl. Tambak Mulyo', 5),
(853, '43522', 'Ahmad Aldi Purwanto', 'Brebes', '2000-05-09', 'RONY AGUSTIAR', 'Jl. Indragiri Utara I No.26', 5),
(854, '43523', 'Ara''af Aditya Bintang Dwi Putra', 'Semarang', '2002-03-19', 'TUKIRIN AHMAD RIYANTO', 'Jl. Sidoasih XI/22', 5),
(855, '43524', 'Ardi Bagus Satria', 'Semarang', '2002-06-25', 'MURSITO', 'Kp. Jatimulyo II Pensapon 19', 5),
(856, '43527', 'Bagus Langgeng Dermawan', 'Semarang', '2002-05-31', 'SUGIYONO', 'Jl. Dempel Lor', 5),
(857, '43528', 'Bisri Mustofa', 'Demak', '2000-01-10', 'ATMOJO', 'Jl. Wonodadi Lor', 5),
(858, '43531', 'Dwian Fadden Hermawan', 'Semarang', '2001-06-14', 'SUWARNO', 'Jl. Perum PGRI Blok J-161', 5),
(859, '43532', 'Faizal Irfanny Yahya', 'Semarang', '2000-10-02', 'AGUNG DWI PRIYANTO', 'Jl. Blambangan 2', 5),
(860, '43598', 'Fajrul Musyafa', 'Semarang', '1999-11-24', 'AGUS ALWI', 'Jl. Firaga II', 5),
(861, '43533', 'Farid Zurhanafi', 'Semarang', '2001-05-05', 'ABDUL MUFID', 'Jl. Trimulyo', 5),
(862, '43534', 'Irfan', 'Demak', '2000-08-14', 'NGATRIPAN', 'Jl. Karangtarub', 5),
(863, '43535', 'Iwan Setiawan', 'Semarang', '2002-01-10', 'SLAMET RIYADI', 'Jl. Karang Kimpul', 5),
(864, '43537', 'Khalif Raffasya Al Ishab', 'Semarang', '2000-05-17', 'HABIBILLAH', 'Jl. Karang Kimpul', 5),
(865, '43607', 'M. Aqlush Arfian', 'Nganjuk', '2002-03-03', 'ARIFIN', 'Jl. Ramin I/79', 5),
(866, '43602', 'M. Ravy Bagus Prapanca', 'Semarang', '2001-11-01', 'WINDU IBNU PRAPANCA', 'PR. Patah Jl. Sunan Kalijogo Blok O1 No.2', 5),
(867, '43539', 'M. Fahrudin', 'Semarang', '2002-04-21', 'TURKAMIN', 'Jl. Penggaron Kidul', 5),
(868, '43540', 'M. Farhan Syaiful Inayah', 'Semarang', '2000-11-16', 'SUYADI', 'Jl. Karang Kimpul', 5),
(869, '43541', 'Mohamad Rio Saputro', 'Semarang', '2002-10-10', 'WAGIYO', 'Jl. Kebonharjo', 5),
(870, '43605', 'Muhamad Lutfan Hadi', 'Demak', '2000-06-19', 'ZAMRONI', 'Jl. Kyai Morang Gg. X', 5),
(871, '43543', 'Muhammad Abrori Adib', 'Semarang', '2001-01-27', 'IMAM SUBECHI', 'Jl. Masjid Terboyo', 5),
(872, '43544', 'Muhammad Ali Miftah', 'Semarang', '2000-05-23', 'ABDUL JALIL', 'Jl. Bangetayu Kulon', 5),
(873, '43610', 'Muhammad Miftahul Abid', 'Demak', '2001-10-24', 'MUHRODHO', 'Jl. Morosari', 5),
(874, '43611', 'Muhammad Rinaldi Setiawan', 'Demak', '2002-05-07', 'SOLEKAN', 'Jl. Berahan Wetan', 5),
(875, '43546', 'Mohammad Rozaq', 'Semarang', '2002-04-29', 'ASWANDI', 'Jl. Merpati Barat', 5),
(876, '43538', 'Muhammad Yasin', 'Demak', '1999-12-01', 'SUBIYONO', 'Jl. Tugu', 5),
(877, '43613', 'Nauval Rayhan', 'Semarang', '2002-01-18', 'HADI SUROTO', 'Jl. Pucang Anom Timur VI No. 26', 5),
(878, '43614', 'Nova Santa Aditya', 'Semarang', '2003-02-27', 'SANTOSO', 'Jl. Genuksari', 5),
(879, '43548', 'Renaldi Kurnia Sandy', 'Semarang', '2003-02-22', 'WURYONO', 'Jl. Penggaron Kidul', 5),
(880, '43549', 'Rhomawansyah', 'Semarang', '2002-01-14', 'MAS''AT', 'Jl. Terboyo Kulon', 5),
(881, '43550', 'Ridho Ardiansyah', 'Semarang', '2002-04-19', 'SLAMET SANTOSO', 'Jl. Citarum Tengah V/60', 5),
(882, '43551', 'Saputro Nugroho', 'Semarang', '2002-09-16', 'BUDI SANTOSO', 'Jl. Pedurungan Tengah I-44', 5),
(883, '43552', 'Satria Bagoes Rahmandika Okfiantoro', 'Semarang', '2002-07-18', 'OKY SAPTO RUSWIDARMOKO', 'Jl. Banjardowo', 5),
(884, '43553', 'Wahyu Putra Agung Laksana', 'Semarang', '2002-07-17', 'WAHYU BUDIONO', 'Jl. Selomulyo Mukti Timur VII/471', 5),
(885, '43826', 'Bagus Hardiansyah', 'Semarang', '2002-08-08', 'Surpriadi', 'Jl. Petelan Utara 909 C', 5),
(886, '43554', 'Adi Firmansyah', 'Semarang', '2000-10-10', 'NGADIRAN', 'Jl. Genuksari', 5),
(887, '43651', 'Ahmad Mujib', 'Semarang', '2001-07-29', 'MISKAN', 'Jl. Tambak Mulyo', 5),
(888, '43650', 'Alaika Lifqi Romadlon', 'Grobogan', '2000-12-03', 'BAMBANG SUYANTO', 'Jl. Lintang Trenggono IV/52', 5),
(889, '43556', 'Amal Maulana Ilyas', 'Semarang', '2001-05-24', 'BUGIYANTO', 'Jl. Kebon Rejo Timur X No. 38', 5),
(890, '43557', 'Ari Sony Kurniawan', 'Semarang', '2001-01-13', 'SUKIS', 'Jl. Bangetayu Wetan', 5),
(891, '43558', 'Bagas Batang Taris', 'Semarang', '2002-07-11', 'SUBUR', 'Pedurungan Lor', 5),
(892, '43559', 'Cristian Rio Ardianto', 'Semarang', '2001-07-09', 'MARTINUS ARTANTO', 'Jl. Lintang Trenggono IV/40', 5),
(893, '43560', 'Danu Tri Prakoso', 'Demak', '2001-09-13', 'HADI', 'Jl. Kebon Rejo Timur IX No. 12', 5),
(894, '43564', 'Freddo Nourish Hanafi', 'Semarang', '2001-11-10', 'HARTONO', 'Jl. Bugen', 5),
(895, '43565', 'Gilbert Sindu Putra Purnomo', 'Semarang', '2001-08-19', 'HERY PURNOMO', 'Jl. Peterongan Timur 335', 5),
(896, '43566', 'Ilham Kurniawan', 'Demak', '2002-10-13', 'RAHMAD BASUKI', 'Jl. Kalikondang', 5),
(897, '43567', 'Ilham Nurul Fajar', 'Semarang', '2002-04-30', 'NGATMIN', 'Jl. Penggaron Lor', 5),
(898, '43568', 'Jay Maulana', 'Semarang', '2001-05-28', 'JAYUS PRIYONO', 'Kp. Sedompyong VI', 5),
(899, '43570', 'M. Slamet Jalaludin', 'Demak', '2000-07-14', 'SUGENG DHARJO W', 'Jl. Temuroso', 5),
(900, '43571', 'Mahendra Arya Pratama', 'Semarang', '2002-04-11', 'ENDRO', 'Jl. Ngablak Kidul', 5),
(901, '43573', 'Muhamad Ibadillah', 'Semarang', '2002-10-14', 'ACMHMAD SUBCHI', 'Jl. Boko Payung', 5),
(902, '43574', 'Muhamad Labib Hilmi', 'Semarang', '2001-11-03', 'SUHARDI', 'Kp. Bugen', 5),
(903, '43575', 'Muhammad Aldy Maulana', 'Demak', '2001-11-10', 'ARIS SA''DUN', 'Jl. Loireng', 5),
(904, '43576', 'Muhammad Arief Yusuf Pratama', 'Demak', '2000-07-16', 'RUSBO', 'Jl. Kebonharjo', 5),
(905, '43578', 'Muhammad Jihad Asshidiqi', 'Semarang', '2000-11-15', 'A. SHOLIKHIN', 'Jl. Suhada Timur III', 5),
(906, '43579', 'Muhammad Khairul Huda', 'Semarang', '2002-04-13', 'ROCHANI', 'Jl. Banjardowo', 5),
(907, '43580', 'Muhammad Rifki', 'Semarang', '2000-06-18', 'SUGIATNO', 'Dk Juwono', 5);
INSERT INTO `siswa` (`id_siswa`, `nis`, `nama_siswa`, `tempat_lahir`, `tanggal_lahir`, `nama_ortu`, `alamat`, `id_unit_pendidikan`) VALUES
(908, '43581', 'Naufal Hisyam', 'Karawang', '2001-10-19', 'SOMA WIJAYA', 'Dusun Palawad I', 5),
(909, '43582', 'Nova Catur Kurniawan', 'Semarang', '2001-11-30', 'SLAMET', 'Jl. Genuksari', 5),
(910, '43583', 'Reynaldo Rajananda Rizki Dwi Jaya', 'Demak', '2002-07-02', 'MARTONO', 'Jl. Pedurungan Kidul', 5),
(911, '43616', 'Riyan Adi Sasono', 'Semarang', '2001-09-15', 'MARBUN', 'Jl. Widuri III', 5),
(912, '43618', 'Riyos Pratama', 'Semarang', '2000-04-02', 'SUMARNOTO', 'Jl. Tambak Mulyo', 5),
(913, '43584', 'Rizal Dadang Suryawan', 'Semarang', '1999-09-27', 'ANDY SETIAWAN', 'Jl. Ratan Cilik', 5),
(914, '43619', 'Rizal Prasetya Nugraha', 'Demak', '2000-10-06', 'NASTAIN', 'Jl. Tlogo', 5),
(915, '43652', 'Septa Ilham Abidin', 'Klaten', '2002-09-13', 'HARNOWO', 'Jl. Nampan', 5),
(916, '43620', 'Sigit Adi Pamungkas', 'Semarang', '2001-05-29', 'AHMAD MUHLISIN', 'Jl. Tambakmulyo', 5),
(917, '43586', 'Sofyanto Rochmatul Cholik', 'Semarang', '2000-05-04', 'PURWOTO', 'Jl. Rejosari Gumuk B No. 13', 5),
(918, '43622', 'Taradipa Angga Putra Ramadhani', 'Demak', '2001-12-05', 'MASRUKIN', 'Jl. Sriwulan', 5),
(919, '43587', 'Tegar Alamsyah Putra', 'Semarang', '2002-05-28', 'SARMIN', 'Jl. Tambakan', 5),
(920, '43623', 'Wahyu Anggoro', 'Semarang', '2000-07-25', 'SUPRIYADI', 'Jl. Genuksari', 5),
(921, '43588', 'Wisnu Arta Setya Wijaya', 'Semarang', '2001-07-26', 'BURHANUDIN', 'Jl. Tambak Boyo', 5),
(922, '43589', 'Zainul Falah', 'Semarang', '2001-03-29', 'DARNO ARIJANTO', 'Jl. Sinar Kencana Timur 896 D', 5),
(923, '6186', ' Abdul Rohman ', 'Semarang', '2006-12-12', 'Moh Ali', 'Jln Waru Timur Dalam 2 Pedalangan', 1),
(924, '6187', ' Abikha Hisma ', 'Semarang', '2006-11-30', 'Agus Triyanto', 'Gondangraya Iv Rt 3/ 2', 1),
(925, '6188', ' Achmad Kemal Saputro ', 'Boyolali', '2006-08-21', 'Paidi', 'Jln Mangga Dalam Rt 6/2', 1),
(926, '6189', ' Adelia Chelsea Setiawan ', 'Kab.Semarang', '2007-05-28', 'Agus Setiawan', 'Jurang Belimbing Rt 6/4 Tembalang', 1),
(927, '6190', ' Adi Dwi Setiawan ', 'Kab.Semarang', '2007-05-03', 'Rusno', 'Jurang Belimbing Rt 1/4 Tembalang', 1),
(928, '6191', ' Claraa Evency Anantakupa ', 'Semarang', '2007-08-23', 'Budi Hananto', 'Jln Kanfer Utara Iv/136', 1),
(929, '6192', ' Deby Nurmalasari Bastianti ', 'Semarang', '2005-12-27', 'Muhammad Basuki', 'Perum Grafika Asri Ii No 30 Rt 6/5', 1),
(930, '6193', ' Dendika Purwo Adi ', 'Grobogan', '2007-03-12', 'Purnomo Deny P.', 'Jln Diponegoro 9 No 129', 1),
(931, '6194', ' Deny Ardianto ', 'Semarang', '2005-07-04', 'Supriyanto', 'Jln Belimbing 10 C', 1),
(932, '6195', ' Dhaffinka Faizza Dhiarridho ', 'Semarang', '2007-02-26', 'Moch Lison', 'Jln Ngesrep Timur 5 Dalam 2 Gang Melati 19', 1),
(933, '6196', ' Elmi Ayu Devianti Tiranda ', 'Denpasar', '2007-01-22', 'Elwin Tandipanga', 'Jln Kanfer Raya Blok Q No 10', 1),
(934, '6197', ' Ivan Helguera Davinto ', 'Semarang', '2005-07-28', 'To''ib', 'Jln Sukun 2 No.14 Semarang', 1),
(935, '6198', ' J Caesar Rama Dhana ', 'Semarang', '2005-10-04', 'Sri Barata Kusuma', 'Jln Dengkek Sari Rt 2/ 4 Tembalang', 1),
(936, '6199', ' Jelita Careira Putri ', 'Medan', '2007-12-19', 'Supriawan T.', 'Perum Graha Estetika Jalan Citra Blok J 6', 1),
(937, '6200', ' Khuria Afifah Cahya Laksmita ', 'Semarang', '2007-08-16', 'Edris', 'Jln Gondang Timur 2 Rt 2/2 Bulusan', 1),
(938, '6201', ' Nabila  Chanda Maheswari ', 'Semarang', '2006-04-26', 'Mahendra Rakryan Putra', 'Jln Tejosari Raya Rt 5/ 5 Semarang', 1),
(939, '6202', ' Nafi''ah Intan Lovitasari ', 'Wonogiri', '2007-05-18', 'Supriyadi', 'Jln Sendang Pakel Raya Rt 2/3 Gedawang', 1),
(940, '6203', ' Nicholas Dafa Triesnawan Syach Putra ', 'Semarang', '2006-08-08', 'Sutrisno', 'Jln Jati Taman No 12 Perum Jatiraya', 1),
(941, '6204', ' Noval Fabrizio Saviola ', 'Kab.Semarang', '2006-11-01', 'Waryanto', 'Jln Mulawarman Selatan Dalam I Rt 3/3', 1),
(942, '6205', ' Pindho Joyo Subekhan ', 'Semarang', '2006-07-08', 'Budiman', 'Jln Cemara I No. 5', 1),
(943, '6206', ' Rendi Rian Purwanto ', 'Semarang', '2006-11-26', 'Irwanto', 'Jln Tusam Timur Ii No.2', 1),
(944, '6207', ' Riyan Andika Saputra ', 'Boyolali', '2007-02-19', 'Ahmad Arif', 'Bangunharjo Rt 4/5 Banyumanik', 1),
(945, '6208', ' Rizky Arga Saputra ', 'Kabupaten Semarang', '2007-05-22', 'Elly Saputro', 'Pudak Payung Rt 6/6 Banyumanik', 1),
(946, '6209', ' Sandi Rizky Kurnianto ', 'Semarang', '2006-02-13', 'Saodah', 'Jln Waru Timur Raya No 31 Rt 6/1', 1),
(947, '6210', ' Satrio Aji ', 'Boyolali', '2006-05-12', 'Mujirin', 'Jln Sirojudin No 25 Tembalang', 1),
(948, '6211', ' Satria Sandi Pratama ', 'Semarang', '2007-07-31', 'Sandityas', 'Gang Tirto Mulyo 2 No 5 Tembalang', 1),
(949, '6212', ' Aldeosta Putra Ananda ', 'Semarang', '2006-11-08', 'Edy Susilo', 'Jln Mulawarman Selatan No 19 Rt 5/2', 1),
(950, '6213', ' Aldi Nur Wijaya ', 'Semarang', '2006-02-12', 'Wahyu Hartanto', 'Jln Temulawak No 10 Banyumanik', 1),
(951, '6214', ' Ali Galih Setiawan ', 'Semarang', '2007-03-08', 'Danang Supriyanto', 'Jln Grafika Regency Rt 01/10', 1),
(952, '6215', ' Alin Rosyida ', 'Semarang', '2006-09-29', 'Rohmad Basuki', 'Srondol Kulon Banyumanik Rt 1/7', 1),
(953, '6216', ' Andira Novaliza Putri  ', 'Wonogiri', '2007-12-07', 'Agung Sedayu', 'Srondol Kulon Rt 3/7 Sendangsari ', 1),
(954, '6217', ' Dzikriansyah Ian Ramanda ', 'Semarang', '2007-07-04', 'Agus Purnomo', 'Jln Perum Payung Prasetyo Gang 7 No 13', 1),
(955, '6218', ' Eka Ferdian Saputra ', 'Kab.Semarang', '2007-12-01', 'Hariyadi', 'Jln Keruing Timur Dalam Kav Baru', 1),
(956, '6219', ' Farel Aulia Januar ', 'Semarang', '2007-01-27', 'Kusyanto', 'Jln Sukun I No.30 Srondol Wetan', 1),
(957, '6220', ' Ferry Hardianto ', 'Semarang', '2006-02-11', 'Budiono', 'Jln Telogosari Rt 5/1 Tembalang', 1),
(958, '6221', ' Irfan Sakti Gumilang ', 'Semarang', '2007-03-17', 'Budi Santoso', 'Mulawarman Selatan 2 Kramas Rt 4/3 Tembalang', 1),
(959, '6222', ' Krisna Bayu Arianto ', 'Semarang', '2007-03-23', 'Tjipwadi', 'Jln Dengkek Sari Rt 2/ 4 Tembalang', 1),
(960, '6223', ' Laksana Umardhani ', 'Kendal', '2006-05-20', 'Sudarmadi', 'Gaharu Baray Dalam V 311', 1),
(961, '6224', ' Lintang Afrillia ', 'Semarang', '2007-04-10', 'Kumaedi', 'Gang Tanjungsari 10 Rt 1/2', 1),
(962, '6225', ' Muhammad Afrizal Khairuddin ', 'Semarang', '2007-01-25', 'Bukhori', 'Jln Bagaskoro Raya No 44b Rt2/7 Tembalang', 1),
(963, '6226', ' Muhammad Andriesta Priyatmoko ', 'Semarang', '2007-04-09', 'Didik Priyatmoko', 'Jln Waru Timur Dalam 2 No 22 Pedalangan', 1),
(964, '6227', ' Prabowo Setyawan ', 'Semarang', '2005-06-15', 'Dartoyo', 'Jabungan Rt 2/2', 1),
(965, '6228', ' Putri Nadia ', 'Semarang', '2006-10-24', 'Mulyadi', 'Jln Keruing Utara Dalam Rt 8/17', 1),
(966, '6229', ' Raditya Bagoes Setiawan ', 'Semarang', '2007-01-27', 'Agus Puryono', 'Jln Dengkek Sari Rt 2/ 4 Tembalang', 1),
(967, '6230', ' Ragil Fajar Aprilianto ', 'Semarang', '2007-04-27', 'Salman', 'Jln Tunjungsari I Rt 1/2 Tembalang', 1),
(968, '6231', ' Ramdhani Brendy Mangulu ', 'Semarang', '2007-09-29', 'Johnly Herman Mangulu', 'Jln Ulin Raya No 229 Banyumanik', 1),
(969, '6232', ' Satyani Kusumaningtyas ', 'Semarang', '2006-06-06', 'Eko Sulistyono', 'Jln Waru Dalam Ii Rt 5/6 Banyumanik', 1),
(970, '6233', ' Sefty Ayu Ramadhani ', 'Kabupaten Semarang', '2007-09-10', 'Supriyadi', 'Mluweh Ungaran Timur', 1),
(971, '6234', ' Shinta Khoirun Nisa ', 'Magelang', '2007-03-28', 'Sudarmono', 'Banjarsari Selatan 168', 1),
(972, '6235', ' Siti Muka Rahma  ', 'Semarang', '2007-01-09', 'Jumadi', 'Jln Kantilsari Rt 6/1 Srondol ', 1),
(973, '6236', ' Yovie Yudhi Putra Santosa ', 'Semarang', '2006-07-02', 'Yoyok Yudhi Santoso', 'Waru Raya 4, Rt 4/6 Banyumanik', 1),
(974, '6237', ' Andranik Nouval Ahmad ', 'Boyolali', '2007-06-04', 'Bambang Sumarjo', 'Gang Mangga Dalam Rt 6/2 ', 1),
(975, '6238', ' Annisa Lutfia Nur Islami ', 'Semarang', '2007-03-13', 'Yayat Hidayat', 'Jatingaleh  Rt,08 / Rw.02 Ngesrep', 1),
(976, '6239', ' Arfian Pangestu ', 'Boyolali', '2006-10-12', 'Adie Bowosetyono', 'Rasamala I No 432 Perumnas Banyumanik', 1),
(977, '6240', ' Arva Satya Devara ', 'Semarang', '2007-04-02', 'Slamet Riyadi', 'Mulawarman 3/5 Tembalang', 1),
(978, '6241', ' Azzahra Cathya Clavinova Karunia ', 'Semarang', '2006-10-27', 'Susmulyanto Karunia', 'Jln. Rasamala I No 443 Banyumanik', 1),
(979, '6242', ' Galuh Retno Siwi ', 'Semarang', '2007-05-11', 'Budiyono', 'Jln Mulawarman V Rt 1/3 Kel. Kramas', 1),
(980, '6243', ' Gian Yassar Rayana Samanta ', 'Bekasi', '2006-06-03', 'Maman Rustaman', 'Jln Berlin Ii No 10 Kapling Mega Permata', 1),
(981, '6244', ' Gilang Satya Haryanto ', 'Semarang', '2006-07-21', 'Hartono', 'Bumirejo Rt 6/6 Pudakpayung', 1),
(982, '6245', ' Indah Wulan Ramadhani ', 'Kulon Progo', '2006-10-07', 'Sarjono', 'Gang Mangga Dalam Rt 6/2 Srondol Wetan', 1),
(983, '6246', ' Muhammad Daffa Alfarizy  ', 'Semarang', '2007-07-04', 'Joko Waluyo', 'Ngesrep Barat Rt 8/9 Srondol Kulon', 1),
(984, '6247', ' Muhammad Davin Shahzada ', 'Semarang', '2007-03-12', 'Aziz Riyanto', 'Jln. Kruing Ii No 118 Banyumanik', 1),
(985, '6248', ' Muhammad Jeffry Al Irsyad ', 'Semarang', '2006-10-24', 'Purminto', 'Jln Telogosari 44 Rt 1/1 Bulusan', 1),
(986, '6249', ' Muhammad Nur Ilham ', 'Bogor', '2006-07-15', 'Encep', 'Gang Mangga Dalam Utara', 1),
(987, '6250', ' Murti Pratista Dewi ', 'Semarang', '2007-07-09', 'Gunadi', 'Jln Mulawarman Rt 2/3 Timur No. 56 ', 1),
(988, '6251', ' Putra Aldo Arifiano ', 'Semarang', '2007-02-24', 'Wakhid Arifin', 'Jln H Suradi Rt 2/ 3 Gedawang ', 1),
(989, '6252', ' Rangga Puja Kusuma ', 'Semarang', '2007-06-02', 'Solechan', 'Jln Mulawarman 5lt Dalam 3 Kramas ', 1),
(990, '6253', ' Rara Kitri Aulia ', 'Tangerang', '2006-11-05', 'Sumarno', 'Jati Raya 26 Rt 9/6 Pedalangan', 1),
(991, '6254', ' Rassya Darru Ervano ', 'Semarang', '2007-03-16', 'Gunsiang Ervana', 'Jln Durian Selatan ', 1),
(992, '6255', ' Rayen Anugrah Kresna Sugiarto', 'Semarang', '2006-07-30', 'Agus sugiarto', 'Jl. Dengkek Sari Rt.02 / Rw.04 Tembalang', 1),
(993, '6256', ' Ricky Bagus Bagaskara ', 'Semarang', '2006-08-02', 'Nungki Setiawan', 'Jln Timoho Barat Dua Bulusan', 1),
(994, '6257', ' Samuel Harco Cynery', 'Semarang', '2007-04-20', 'Hendri Eko Widodo', 'Jl. Kenanga No.9 Rt.08 / Rw.07', 1),
(995, '6258', ' Syahban Alhan Hendrawan ', 'Semarang', '2007-01-22', 'Supomo', 'Gedawang Dukuh Rt 2/2', 1),
(996, '6259', ' Varenna Zullaykya ', 'Grobogan', '2007-06-16', 'Yohanes Sumartono', 'Jln Abadi Rt 3/1 Geyer Grobogan', 1),
(997, '6260', ' Villa Anna Tasya Putri ', 'Jakarta', '2006-09-09', 'Robby Cahyadi', 'Jln Sewan Pudakpayung Rt 8/4', 1),
(998, '6261', ' Yuliana Dwi Santika  ', 'Sukoharjo', '2007-07-02', 'Tugino', 'Jln Kantil Sari Rt 1/1 Srondol Kulon', 1),
(999, '6262', ' Yusril Fais Maulana ', 'Demak', '2007-02-12', 'Nurokhim', 'Pulosari Rt 5/2 Karangtengah Demak', 1),
(1000, '6092', 'Abata Faza Tamhidan', 'Semarang', '2006-01-03', 'Bagus Satrio Purboyo', 'Bukit Diponegoro B-29', 1),
(1001, '6123', 'Abel Sahidyawati', 'SEMARANG', '2005-06-09', 'NUR SAHID', 'MANGA DALAM', 1),
(1002, '6093', 'Abram Pudji Aditya', 'Semarang', '2006-01-18', 'Arif Pudjiono', 'Cepersari', 1),
(1003, '6094', 'Alvita Eka Pratiwi', 'SEMARANG', '2005-05-28', 'WARTININGSIH', 'kramas', 1),
(1004, '6126', 'Alya Putri Salsabila', 'SEMARANG', '2006-01-08', 'JOKO MUJIONO', 'Jl Damar Utara V/248', 1),
(1005, '6150', 'Andi Firly Ghifari Putra', 'Palu', '2006-12-19', 'Ismail S Aswin', 'Jl. Teuku Umar', 1),
(1006, '6153', 'Auliya Febriani', 'Semarang', '2006-02-14', 'HIMAWAN WARDANA', 'Jl. Durian Dalam I No. 178', 1),
(1007, '6131', 'Chintya Dwi Putri Riyadi', 'SEMARANG', '2005-05-02', 'SUGENG RIYADI', 'JL.RASAMALA BARAT VIII NO 269', 1),
(1008, '6098', 'Dea Asrina Tenatha', 'PATI', '2006-04-12', 'SUTARTO', 'MANGGA DALAM SELATANNO 14 BANYUMANIK', 1),
(1009, '6156', 'Denny Farendra', 'SEMARANG', '2005-03-08', 'EKO PRAYITNO', 'KUPANG LOR', 1),
(1010, '6132', 'Destya Ayun Maharani', 'SEMARANG', '2005-12-04', 'Adi Afriyanto', 'jl asrama lapangan tembak no 4', 1),
(1011, '6159', 'Farhan Hafis Ramdani', 'Semarang', '2006-10-02', 'Sunaryo', 'Jl Damar Utara IV/234', 1),
(1012, '6135', 'Galang Hega Religio', 'SEMARANG', '2006-03-05', 'CATUR SUBAGIO', 'GG MANGGA NO 14', 1),
(1013, '6102', 'Hendrik Surya Wijaya', 'Temanggung', '2005-05-07', 'Wahyudi', 'Jl. Durian Km.1', 1),
(1014, '6138', 'Mawdzunata Faroukh Royykhan', 'SEMARANG', '2006-02-05', 'DWI PURNOMO', 'JL.MANGGA DALAM NO. 31', 1),
(1015, '6105', 'Muhammad Abdullah Annajihy', 'Semarang', '2006-05-19', 'nasikin', 'Ngasinan', 1),
(1016, '6141', 'Nabil Raditya Nagata', 'KAB. SEMARANG', '2006-07-19', 'SURYADI', 'Kalikayen', 1),
(1017, '6145', 'Pratidina Sigit Pamungkas', 'Semarang', '2006-06-28', 'Teguh Setianto', 'Jl Sawunggaling Timur No.6', 1),
(1018, '6107', 'Puspa Ayu Kinanti', 'Kab.Semarang', '2006-09-09', 'Agoeng Wahjono Noegrahanto', 'Jl Durian Selatan I No. 2', 1),
(1019, '6108', 'Putri Claudia Maharani Saputro', 'MAKASSAR', '2006-06-15', 'DENY HENDRA DIYANTO SAPUTRO', 'PERUM KORPRI PAYUNG PRASETYA', 1),
(1020, '6174', 'Riski Baktiar', 'JAKARTA', '2005-10-20', 'HARLAN', 'PENCAR', 1),
(1021, '6147', 'Rivan Maulana', 'Boyolali', '2006-05-30', 'Jumar', 'Jl Rowoasri', 1),
(1022, '6111', 'Rohmawan Muhammad Saputra', 'KARANGANYAR', '2005-10-04', 'Wahyo', 'TANJUNGSARI', 1),
(1023, '6112', 'Satria Purnama Aji', 'Semarang', '2006-05-14', 'Siswandoro Nurutomo', 'Jl. Rasamala Utara Dalam 123', 1),
(1024, '6115', 'Steven Ebzan Ruben Gamaiel', 'semarang', '2007-02-14', 'TANTO HARIJANTO', 'WARU TIMUR I/3', 1),
(1025, '6177', 'Tegar Muhammad Rafi', 'Semarang', '2006-04-24', 'Karmono', 'Sumurboto Barat I', 1),
(1026, '6119', 'Wiradhia Mirza Syahbuddin', 'KABUPATEN SEMARANG', '2005-11-10', 'Mulus Budianto', 'Sumurboto, Semarang', 1),
(1027, '6122', 'Zefanya Heka Herista', 'Semarang', '2006-05-08', 'Heri Herista', 'Jl. Durian Selatan I No.2', 1),
(1028, '6125', 'Almira Indah Lathi Ifa', 'Semarang', '2005-12-31', 'Anung Prastyo', 'Jln. Irian No.9 BTN Gunungsari', 1),
(1029, '6151', 'Arheza Dyandra Lesmana', 'Semarang', '2007-01-31', 'Ari Yudi Lesmana', 'Vila Mulawarman Kav.48', 1),
(1030, '6096', 'Atyani Lutfyana Rahma', 'KENDAL', '2005-12-10', 'Wahyudi', 'KEBONAGUNG', 1),
(1031, '6154', 'Ayu Latifa Putri', 'SEMARANG', '2006-12-01', 'AGUS TRI LEGOWO', 'JL. GERGAJI  1', 1),
(1032, '6129', 'Bambang Suryo Bimantoro', 'SEMARANG', '2006-01-05', 'Bambang Titi Asmara', 'Jl. Kruing Barat Dalam 107', 1),
(1033, '6130', 'Bangkit Kuswidiatmoko', 'Semarang', '2006-08-15', 'PURWITO', 'Gondang Timur IV/144', 1),
(1034, '6133', 'Ekshan Mahendra', 'Semarang', '2004-03-02', 'Sukimin', 'Jl. Sendang Gede', 1),
(1035, '6183', 'Farrel Avrio Fathin', 'KUDUS', '2006-04-29', 'FRANCISCHA LAKSANA', 'Perumahan Muria Indah', 1),
(1036, '6160', 'Firda Puji Rahayu', 'SEMARANG', '2006-03-14', 'AHMADI', 'jl tembalang', 1),
(1037, '6162', 'Ishak Chandcy Rizantha Daniel Tebai', 'SEMARANG', '2004-05-25', 'ELIA TEBAI', 'JL DURIAN SELATAN II', 1),
(1038, '6103', 'Julia Rahmah Danik', 'Semarang', '2006-07-02', 'Salamun', 'Jabungan', 1),
(1039, '6163', 'Khoirul Anam', 'Cilacap', '2006-07-31', 'Agus Salim', 'Jl Durian Km 1', 1),
(1040, '6164', 'Maulana Jordi Nuriqbal', 'Semarang', '2006-07-13', 'sutarjo', 'ngesrep barat dlm IV', 1),
(1041, '6139', 'Meidiana Dwi Hartanti', 'Semarang', '2004-05-04', 'Dwi Budiyanto', 'JL.DURIAN SELATAN II/22', 1),
(1042, '6106', 'Naswa Maula Devi', 'Semarang', '2006-08-05', 'Abdul Sukur', 'Jl Nangka No. 31', 1),
(1043, '6168', 'Nayla Lintang Pramesthi', 'Semarang', '2006-07-23', 'SUPARYANTO', 'Gondang Timur III', 1),
(1044, '6143', 'Oktaria Ramadhani Ayuningtyas', 'Semarang', '2005-10-25', 'Selan', 'Jl.Sukun I No.33', 1),
(1045, '6169', 'Raditya Anggraeni', 'SEMARANG', '2006-01-29', 'KUSNADI', 'jl . banjarsari', 1),
(1046, '6171', 'Rafi Tegar Fadilah', 'Semarang', '2006-04-16', 'Widiyanto', 'SUMURBOTO', 1),
(1047, '6172', 'Rahmad Sholeh', 'Wonogiri', '2005-04-06', 'Sukatno', 'Srondol Kulon', 1),
(1048, '6109', 'Rayhan Ziddan Hafiz', 'Semarang', '2004-12-12', 'EKO WAHYUDI', 'Tembalang Pesona Asri', 1),
(1049, '6173', 'Razhel Enggar Prastyono', 'Kab. Semarang', '2005-11-01', 'Triono', 'pucung Asri Sejahtera no. 37', 1),
(1050, '6148', 'Rr. Devinda Putri Ayuni Jumiyati', 'Semarang', '2006-01-04', 'R. Teguh Supangkat', 'Ngesrep Timur V', 1),
(1051, '6175', 'Septian Dwi Nurcahyo', 'Semarang', '2005-09-06', 'Hendrik Trinurcahyo', 'Jl. Ngesrep Tmr. V', 1),
(1052, '6114', 'Silvia Adhania Cahyaningtyas', 'SEMARANG', '2006-01-10', 'Sukiman', 'Kramas', 1),
(1053, '6117', 'Tirta Bayu Setiawan', 'Semarang', '2005-09-29', 'Sarno', 'Tembalang', 1),
(1054, '6178', 'Wahyu Dwiastiani', 'Semarang', '2005-12-11', 'ELFIADI', 'Gondang Barat I', 1),
(1055, '6095', 'Amalia Pramudya Wardani', 'MAGELANG', '2004-09-24', 'Ashuri', 'Durian Utara Dalam II', 1),
(1056, '6152', 'Aris Dwi Novianto', 'Semarang', '2005-11-15', 'SLAMET SUWARNO', 'Jalan Timoho I No. 34', 1),
(1057, '6097', 'Azellino Christian Novanda', 'Semarang', '2006-11-03', 'CHRISTMA YOGA', 'DAMAR TIMUR DALAM III/338', 1),
(1058, '6128', 'Aziz Utama', 'Semarang', '2005-12-20', 'Rusmiyanto', 'Ngesrep Barat IV no.11', 1),
(1059, '6155', 'Bagas Kurniawan', 'Semarang', '2005-10-17', 'Soni Indrayanto', 'ngesrep barat 1 no.42', 1),
(1060, '6157', 'Dheva Putri Winata', 'Semarang', '2005-12-09', 'Hariyanto', 'kramas ', 1),
(1061, '6099', 'Diana Ayu Setianingrum', 'KAB. SEMARANG', '2004-12-15', 'Edi sutrimo', 'kramas', 1),
(1062, '6158', 'Evan Octaviano', 'GROBOGAN', '2006-10-31', 'SULASTO', 'Jl. Waru Timur Dalam I', 1),
(1063, '6134', 'Fakhsya Yuma Arka Pratama', 'KENDAL', '2006-03-26', 'TONI WIYONO', 'JL.MANGGA DALAM UTARA', 1),
(1064, '6161', 'Guntur Ardianto', 'Semarang', '2005-03-04', 'KUSRIYANTO', 'JL. PUCUNG PERBALAN ', 1),
(1065, '6100', 'Hamada Alfaya Husna', 'Semarang', '2006-03-24', 'MUHAMMAD ICHSAN', 'DURIAN SELATAN IIA 2', 1),
(1066, '6137', 'Manggala Saefudin Wachid', 'Semarang', '2004-06-24', 'SAEBANI', 'Jl Gombel Lama', 1),
(1067, '6104', 'Mayura Arleta', 'Semarang', '2005-10-29', 'Dyota Pratyaksa', 'Griya Pandana Merdeka Blok P.22', 1),
(1068, '6165', 'Mela Dwi Hastiani', 'Semarang', '2005-05-30', 'HASTA SATRIANA', 'GRAFIKA GOLDEN LAND 6C-2', 1),
(1069, '6167', 'Niken Khairunnisa', 'Semarang', '2006-12-29', 'DHANY IRAWANTO', 'JALAN TIMOHO BARAT I NO.07', 1),
(1070, '6144', 'Olivia Vetiani Putri', 'Semarang', '2006-03-01', 'Sumarno', 'kramas', 1),
(1071, '6170', 'Raffael Christiant Susan', 'KAB. SEMARANG', '2006-01-31', 'Eko Kristianto Wibowo', 'Jl. Puri Utama D1 No 7', 1),
(1072, '6110', 'Resa Amelia', 'KAB. SEMARANG', '2005-02-08', 'Edy Yatmoko', 'Jl. Kalipepe IV', 1),
(1073, '6146', 'Rido Alan Puspito', 'Tangerang', '2005-07-26', 'R. Isyulianto', 'Jl. Wana Mulya XV/1', 1),
(1074, '6149', 'Satria Ivan Adek Pamungkas', 'Semarang', '2005-11-22', 'SUBARI', 'JL.BELIMBING TIMUR DALAM II', 1),
(1075, '6176', 'Sundoro Adi Witjaksono', 'Semarang', '2006-10-27', 'Gunadi', 'Jabungan', 1),
(1076, '6116', 'Theo Arya Syaputra', 'semarang', '2006-04-20', 'Dwi Setiyanto', 'jl. Tanjungsari I', 1),
(1077, '6118', 'Vina Setya Winata', 'KAB. SEMARANG', '2006-01-14', 'WUSDIDIK', 'Watukebo', 1),
(1078, '6180', 'Wisnu Dwi Juniardli', 'Semarang', '2005-06-16', 'SUTRIMO', 'MULAWARMAN', 1),
(1079, '6121', 'Yordha Yudistira', 'KABUPATEN SEMARANG', '2005-08-09', 'Eryanto', 'Jl. Halmahera No. 15', 1),
(1080, '6089', 'Yogi Putra Pradana', 'Semarang', '2004-01-08', 'Ajar Riyanto', 'Damar Utara V / 253', 1),
(1081, '6014', 'Adriska Xyla Amaryl', 'Semarang', '2005-07-04', 'Adri Maryanto', 'Jl.Baskoro Raya No.40', 1),
(1082, '6015', 'Afna Zahra Rahmadhani', 'Semarang', '2005-10-19', 'Sunaryo', 'Damar Utara IV/234', 1),
(1083, '6016', 'Ahmad Hisam Suwignyo', 'Surabaya', '1955-12-15', 'Suwignyo Budi', 'Grogol', 1),
(1084, '6017', 'Akbar Yuda Pamungkas', 'Semarang', '2005-04-04', 'Kaspandi', 'Kramas, Mulawarman Selatan', 1),
(1085, '5981', 'Alfito Ardiansyah', 'Semarang', '2003-10-21', 'Januri', 'Srondol Kulon', 1),
(1086, '6041', 'Andrea Anindhita', 'Semarang', '2004-09-28', 'Hariyanto', 'Sukun I No.9', 1),
(1087, '6018', 'Anur Dian Syahwani', 'Semarang', '2005-01-18', '', 'Tembalang', 1),
(1088, '6019', 'Dandi Ariya Saputra', 'Semarang', '2005-12-16', 'Supardi', 'Gg.Cepersari I', 1),
(1089, '6020', 'Debora Natalia Setiawan', 'Semarang', '2003-12-13', 'Agus Setiawan', 'Karang Rejo II / 39', 1),
(1090, '6021', 'Desta Arya Pratama', 'Semarang', '2005-12-25', 'Martayuki Saputra', 'Ngesrep Barat I / 45', 1),
(1091, '6022', 'Fahrur Manaf', 'Magelang', '2005-07-05', 'Slamet', 'Ngasrep Timur III', 1),
(1092, '6023', 'Fernando Petra', 'Semarang', '2004-09-08', ' ', 'Jati Raya Blok F.09', 1),
(1093, '6186', 'Franciska Livia Pangemanan', 'Bandung', '2004-12-17', 'Andreas Kirk Robert Pangamanan', 'Bandung', 1),
(1094, '6025', 'Isa Sarah Aulia', 'Demak', '2004-11-27', 'Tri Budiharto', 'Kanfer Utara Dalam IV/200', 1),
(1095, '6026', 'Jibran Ramadhan', 'Semarang', '2004-11-10', 'Bambang Setiyo', 'Ngesrep Timur 5', 1),
(1096, '6027', 'Louis Danson Arlinto', 'Semarang', '2004-12-11', 'Dani Tri Arl', 'Jalan Waru Timur Raya 17', 1),
(1097, '6030', 'Muhammad Dava Ardiansyah', 'Semarang', '2005-06-12', 'Kaamali', 'Jalan Salakan', 1),
(1098, '6031', 'Muhammad Iqbal Indra Atmaja', 'Kab.Semarang', '2005-10-19', 'Imam Parsudi Ar', 'Kalikayen', 1),
(1099, '6032', 'Muhammad Luthfi Al Hafidh', 'Semarang', '2005-08-25', 'Musdiono', 'Jalan Ngsrep Barat I', 1),
(1100, '6035', 'Nisrina Hasnabelia Zahra', 'Semarang', '2005-08-08', 'Abdul Basir', 'Jalan Merbau Raya 164', 1),
(1101, '6037', 'Rian Wahyu Prayitno', 'Semarang', '2003-10-12', 'Joko Prayitno', 'Banyumanik Barat No 8', 1),
(1102, '6038', 'Riska Destalita', 'Semarang', '2004-12-16', 'Sutaro', 'Jalan Mangga Dalam No.16 C', 1),
(1103, '6039', 'Rivaldi Ihsan Ardiansyah', 'Semarang', '2005-01-12', 'Kardi', 'Jalan Ngesrep Timur V', 1),
(1104, '6040', 'Wiwit Widya Ningrum', 'Mataram', '2005-02-03', 'Agus Sri Lestiyono', 'Jalan Tirto Agung No 77 A', 1),
(1105, '6065', 'Ahmad Rifqi Hakim Ma''ruf', 'Pandeglang', '2005-04-01', 'Ari Yulianto', 'Jalan Gondang Timur II', 1),
(1106, '6042', 'Denis Irvantino Handoko', 'Kab.Semarang', '2003-07-08', 'Acep Handoko', 'Jalan Mulawarman Timur', 1),
(1107, '6043', 'Diaz Rizky Maulana', 'Semarang', '2004-08-19', 'Kris Widagdo', 'Bukit Tanjung III 6-6/23 Bulit Fluorite Jaya', 1),
(1108, '6044', 'Dimas Zacky Adhitama', 'Semarang', '2005-05-03', 'Suratno', 'Tembalang', 1),
(1109, '6045', 'Dony Saputro', 'Semarang', '2004-08-16', 'Teguh Prihatin', 'Jalan Nangka No.5', 1),
(1110, '6046', 'Fathuriza Andhika Satria Pratama', 'Semarang', '2005-06-08', 'Toto Jumanto', 'Jalan Glintingan', 1),
(1111, '6047', 'Ferry Bagus Saputra', 'Semarang', '2005-02-05', 'Purwadi', 'Pucung Perbalan', 1),
(1112, '6048', 'M Rafi Putra Nurfathoni', 'Semarang', '2005-01-10', 'Imam Fathoni', 'Jalan Kruing Raya 123', 1),
(1113, '6049', 'Muhammad Fitrah Sanjaya', 'Semarang', '2004-11-18', 'Slamet Raharjo', 'Rasamala Barat No.170', 1),
(1114, '6050', 'Muhammad Valle Rossiansyah', 'Semarang', '2005-01-08', 'Yarofi', 'Meranti Timur No.212', 1),
(1115, '6033', 'Muthia Ayu Laila Sari', 'Semarang', '2005-05-18', 'Dwi Harjanto', 'Merbau I No 45 Perumnas', 1),
(1116, '6052', 'Navila Septa Praditya', 'Semarang', '2005-08-07', 'Adittiyo Nugroho', 'Jalan Gondang Barat 3', 1),
(1117, '6053', 'Neva Fatika Azzahra', 'Semarang', '2004-06-05', 'Priyadi', 'Ngesrep Barat V/20', 1),
(1118, '6054', 'Nia Laras Sita', 'Semarang', '2005-05-02', 'Abdul Gani', 'Jalan Gondang Timur 3', 1),
(1119, '6055', 'Okky Wahyu Nugroho', 'Semarang', '2004-10-23', 'Oktavianto', 'Jalan Mulawarman Timur', 1),
(1120, '6056', 'Putri Dahlia Febiyola', 'Tegal', '2005-02-08', 'Dasmi Bin Wakya', 'Gang Delimag', 1),
(1121, '6057', 'Radeva Pradana Putra', 'Semarang', '2005-07-13', 'Eddy Ristanto', 'Ngesrep Barat I/47', 1),
(1122, '6058', 'Ragil Setiyono', 'Semarang', '2004-10-21', 'Suhardi', 'Jalan Mulawarman Utara 02', 1),
(1123, '6059', 'Rehan Gratama', 'Semarang', '2005-03-03', 'Komari', 'Ngasinan Srondol Kulon', 1),
(1124, '6061', 'Satryo Tri Poerwidiantoro', 'Semarang', '2005-10-18', 'R Trisieharto Poerwodarminto', 'Bumi Rejo', 1),
(1125, '6062', 'Septiana Budi Kurniawati', 'Bantul', '2004-09-12', 'Sri Budi Purnomo', 'Gang Mangga Dalam', 1),
(1126, '6063', 'Shawna Meila Aulia', 'Semarang', '2005-05-18', 'Agus Tri Susanto', 'Kruing Timur Dalam Kav Baru 39', 1),
(1127, '6064', 'Wisnu Ariya Pangestu', 'Semarang', '2005-01-24', 'Sukamdun', 'Jalan Banjarsari Gang Maerasari No.25', 1),
(1128, '6066', 'Al Fredo', 'Semarang', '2005-01-23', 'Teguh Sulistiono', 'Sirojudin, Gg. Arjuna No.14', 1),
(1129, '6067', 'Aldrian Maulana Bagas Pamungkas', 'Semarang', '2005-04-10', '', 'Pucung Perbalan', 1),
(1130, '6068', 'Annas Bakti Prayoga', 'Semarang', '2005-03-09', 'Supono', 'Timoho Timur IV', 1),
(1131, '6069', 'Banu Dwi Praharanto', 'Semarang', '2004-07-01', 'Doni', 'Tembalang', 1),
(1132, '6070', 'Candra Hadi Wijaya', 'Semarang', '2005-11-07', 'Dulhadi', 'Ngesrep Timur 4 / 22 B', 1),
(1133, '6071', 'Chaesar Fabriyanto', 'Semarang', '2005-02-28', 'Kriswanto', 'Tembalang', 1),
(1134, '6072', 'Dandi Hadi Nugroho', 'Semarang', '2005-01-18', 'Rochadi', 'Pucung Perbalan', 1),
(1135, '6073', 'Darwin Apriyan Yuda Pamilu', 'Kutai Kartanegara', '2004-04-04', 'Muwanto', 'Tusam II / 25', 1),
(1136, '6074', 'Dendi Hadi Nugroho', 'Semarang', '2005-01-18', 'Rochadi', 'Pucung Perbalan', 1),
(1137, '6075', 'Despri Ria Fahyulla', 'Semarang', '2004-12-21', 'Budi Prayetno', 'Srondol Kulon', 1),
(1138, '6076', 'Devia Lusi Anjani', 'Kab.Semarang', '2005-01-12', 'Suyitno', 'Kalikayen', 1),
(1139, '6077', 'Dwiki Irfan Darmawan', 'Semarang', '2005-07-09', 'Sarman', 'Durian Raya No.30', 1),
(1140, '6078', 'Gofal Afdyulasha Seuisna', 'Semarang', '2005-03-31', 'Suisno', 'Kramas', 1),
(1141, '6079', 'Jesica Permata Putri', 'Semarang', '2005-07-13', 'Robet Imam Santoso', 'Tanjungsari II', 1),
(1142, '6080', 'Maulida Diah Ayu Ardiyanti', 'Semarang', '2005-04-19', 'Supardi', 'Timoho Timur II / 8', 1),
(1143, '6081', 'Metha Sabrina Aulya Putri', 'Semarang', '2005-03-02', 'Puryadi', 'Sere No.16', 1),
(1144, '6083', 'Nadiah Kalmanyssa Cayadewi', 'Semarang', '2005-01-02', 'Dedy Kurniawan', 'Taman Sawunggaling A/12', 1),
(1145, '6034', 'Nandianti Ramadhani Prayoga', 'Semarang', '2005-10-18', 'Nanang Prayogo Kiswanto', 'Jalan Ngesrep Barat IV Dalam No 53', 1),
(1146, '6084', 'Raditya Pamungkas', 'Srasen', '2003-12-20', 'Eko Sulistyono', 'Waru Dalam II / 30', 1),
(1147, '6085', 'Ramadhani Zidane Saputro', 'Kab.Semarang', '2004-10-24', 'Eko Saputro', 'Pudakpayung', 1),
(1148, '6086', 'Rizky Wahyu Catur Riyanto', 'Semarang', '2003-07-08', 'Rizky wahyu Catur Riyanto', 'KanferUtara II / 53', 1),
(1149, '6087', 'Ryan Candra Setiawan', 'Semarang', '2004-09-26', 'Sadi', 'Sumurboto Barat I', 1),
(1150, '6088', 'Vadizka Hubilah', 'Jakarta', '2004-06-04', 'Akmaludi', 'Durian KM.1 SOS Desa Taruna', 1),
(1151, '4311', 'ADITYA NUR RACHMAN', 'Semarang', '2006-12-06', 'Wahyudi', 'Tanggulsari RT. 01 RW. 02', 2),
(1152, '4312', 'AHMAD FAUZAN ', 'Semarang', '2006-03-26', 'Abdul Kafi', 'Jl. Syuhada Raya No. 29 A', 2),
(1153, '4313', 'ALDI AGUSTINA', 'Semarang', '2005-08-14', 'Teguh Sobirin', 'Gayamsari RT. 04 RW. 01', 2),
(1154, '4314', 'ALZALNA SALMA FIRDAUS', 'Semarang', '2006-10-13', 'Achmad Arrysyaban', 'Sendangguwo RT. 07 RW. 10', 2),
(1155, '4315', 'ANDRE RAHMAN', 'Kudus', '2006-10-18', 'Ali Rohman', 'Jl. Kebon Rejo Tengah 3 RT. 06 RW. 13', 2),
(1156, '4316', 'ARGA ADITYA RISKY', 'Semarang', '2006-08-13', 'Anggur', 'Depok Dalam I RT. 01 RW. 10', 2),
(1157, '4317', 'DENY FANRENZA YULIANTO', 'Demak', '2007-06-25', 'Supriyanto', 'Jl. Kebon Rejo Timur X No. 34', 2),
(1158, '4318', 'DEVANANDA CANDRA WINATA', 'Grobogan', '2006-03-23', 'Mei Widiasih', 'Jl. Kebon Arum Elok I/9', 2),
(1159, '4319', 'FERLI RIVANTONI', 'Pemalang', '2008-02-15', 'Sutriyono', 'Perum Dolog Pasadena 58', 2),
(1160, '4320', 'FERNANDA ADHIE FERDIYAN SYAH', 'Temanggung', '2006-11-17', 'Tri Muryanto', 'Pondok Majapahit Blok S 531 Mranggen', 2),
(1161, '4321', 'GIOVANNI RADITYA JOSHUA', 'Semarang', '2005-07-08', 'Muh Sofuani', 'Jl. Purwomukti Barat I No. 15', 2),
(1162, '4322', 'IQBAL AHMAD MAULANA', 'Semarang', '2005-05-28', 'Khabul Mahfud', 'Jl. Purwomukti Timur 02 RT. 07 RW. 07', 2),
(1163, '4323', 'ISABEL INDIRA ALNAMIRA', 'Semarang', '2007-04-14', 'Indra Nugroho', 'Kp. Penjaringan RT. 04 RW. 01', 2),
(1164, '4324', 'MAULANA LABIB FAUZAN', 'Semarang', '2006-08-29', 'Agus Supriyadi', 'Jl. Musi Ilir No. 11 C', 2),
(1165, '4325', 'MUHAMMAD FAUZI', 'Semarang', '2007-11-22', 'Moh Rudi', 'Jl. Sendang Utara III RT. 06 RW. 08', 2),
(1166, '4326', 'MUHAMMAD ILHAM DAFFA A', 'Semarang', '2007-05-29', 'Imam Budi Cahyono', 'Jl. Sido Asih V No. 24', 2),
(1167, '4327', 'NIMAS GLENA BENING M.J', 'Semarang', '2007-04-18', 'Sugiharto', 'Ketileng Indah E 284', 2),
(1168, '4328', 'NAJWA RAFI PRAMONO', 'Semarang', '2007-01-12', 'Pramono', 'Jl. Kebon Arum Elok I/01', 2),
(1169, '4329', 'NUR ROSYID GUNAWAN', 'Semarang', '2007-01-20', 'Wakidi', 'Pedurungan Kidul VI RT. 02 RW. 01', 2),
(1170, '4330', 'RAFEL ALFON PUTRA WIDODO', 'Semarang', '2006-08-04', 'Sri Widodo', 'Merpati Timur RT. 09 RW. 09', 2),
(1171, '4331', 'RENDI RAHMA P', 'Magelang', '2006-10-31', 'Catur Prasetyo', 'Jl. Kebon Rejo Tengah XI No. 17', 2),
(1172, '4332', 'RESA PUTRI MAHARANI', 'Semarang', '2006-04-20', 'Sugeng Hartono', 'Tegalrejo RT. 04 RW. 03', 2),
(1173, '4333', 'REIVAN DWI HERLANGGA', 'Semarang', '2007-05-02', 'Herman Darmanto', 'Jl. Merpati Dalam RT. 02 RW. 09', 2),
(1174, '4334', 'RIFQI ANDIKA PRATAMA', 'Semarang', '2007-01-04', 'Rohmat Kusyaini', 'Pesona Asri 3 No. 23', 2),
(1175, '4335', 'RIO ADITYA', 'Grobogan', '2007-03-03', 'Tarji', 'Jl. Woltermonginsidi RT. 01 RW. 08', 2),
(1176, '4336', 'RIYAN IDRIS', 'Semarang', '2005-01-10', 'Rini Muriyani', 'Jl. Sawah Besar XII RT. 04 RW. 06', 2),
(1177, '4337', 'ROBBI FIRLI', 'Semarang', '2006-08-19', 'Suyono', 'Jl. Medoho V RT. 06 RW. 01', 2),
(1178, '4338', 'SAFITRI UNAISYAH', 'Bekasi', '2005-10-05', 'Ali Mustofa', 'Kp. Pulo Geger RT. 06 RW. 03 ', 2),
(1179, '4339', 'TEGAR M', 'Semarang', '2006-07-26', 'Sugiarto', 'Bintoro I NO. 41', 2),
(1180, '4340', 'VALLENSIA RIFKI PW', 'Semarang', '2006-02-03', 'Novi Setyo Widarto', 'Jl. Gasem Raya RT. 10 RW. 04', 2),
(1181, '4341', 'WISNU NUR HIDAYAT', 'Klaten', '2006-07-01', 'Rahmat Priyono', 'Jl. Medoho III RT. 09 RW. 01', 2),
(1182, '4342', 'ZAHRA REIGINA ANGGREINI', 'Semarang', '2006-08-23', 'Nining Hasmini', 'Jl. Depok Dalam III RT. 06 RW. 08', 2),
(1183, '4343', 'ADITYA DWI KUSUMA', 'Semarang', '2007-06-05', 'Sugiyono', 'Jl. Kelapa Sawit 4 A', 2),
(1184, '4344', 'ANGGY KRISTIYANTI', 'Grobogan', '2005-04-06', 'Efendi', 'Madusari 3 RT. 03 RW. 12', 2),
(1185, '4345', 'ARDIHAN NUR AFSAR', 'Semarang', '2007-02-04', 'Eko Suhardi', 'Perum Klipang Blok P2 No. 17', 2),
(1186, '4346', 'ARSYAFIQ DWI ANANDA', 'Semarang', '2006-09-21', 'Ripto Sulihadi', 'Jl. Wahyu Temurun 6 No. 2', 2),
(1187, '4347', 'BERYL FAUSTA HERMI PUTRA', 'Semarang', '2007-01-13', 'Heru Setiawan', 'Tegalsari Barat RT. 04 RW. 11', 2),
(1188, '4348', 'CHERIL KEIZA  ANZELLA', 'Semarang', '2006-11-01', 'Ragil Widodo, SE', 'Perum Puri Arteri Baru No. 19', 2),
(1189, '4349', 'DAMAR PRAKOSO', 'Semarang', '2006-09-11', 'Suprapto', 'Anggraini RT. 03 RW. 04', 2),
(1190, '4350', 'DANENDRA BERYL A', 'Semarang', '2007-09-10', 'Anan Ardhianto', 'Jl. Argomukti 829', 2),
(1191, '4351', 'DANNY MUJIYONO HARSONO', 'Semarang', '2006-09-24', 'Koetiarto Harsono', 'Jl. Wonomulyo Mukti Barat 3 G', 2),
(1192, '4352', 'DIRLY SAIFUL MA''RUH', 'Semarang', '2006-12-05', 'Dwi Aji Istiarto', 'Jl. Karangsari 3 RT. 09 RW. 03', 2),
(1193, '4353', 'FAFA CACI MAHESA', 'Semarang', '2006-05-09', 'Eko Setiono', 'Sendangguwo RT. 07 RW. 10', 2),
(1194, '4354', 'FAKHRI ZALDI', 'Semarang', '2007-05-07', 'Abdul Rosid', 'Jl. Merpati Dalam No. 10', 2),
(1195, '4355', 'FERDI ARDIANTO', 'Semarang', '2006-11-01', 'Sudiyono', 'Jl. Purwomukti Barat 5', 2),
(1196, '4356', 'GABRIEL PUTRI ARIAWAN', 'Semarang', '2006-08-15', 'Dony Setiawan', 'Rusunawa Kaligawe Blok D', 2),
(1197, '4357', 'KHOFIT KHORIA''AH', 'Demak', '2006-12-01', 'Sugeng Riyanto', 'Jl. Sarwoedi Wibowo No. 10', 2),
(1198, '4358', 'LISA ANGELA SAFIRA', 'Tangerang', '2005-09-23', 'Trias Heriyono', 'Jl. Purwomukti Barat No. 16', 2),
(1199, '4359', 'MUHAMMAD IQBAL HAKIM', 'Semarang', '2006-05-20', 'Sudomo', 'Kp. Jempono RT. 01 RW. 01', 2),
(1200, '4360', 'MAHARANI PUJI RAHAYU', 'Semarang', '2007-05-15', 'Yulianto', 'Jl. Merpati I Dalam', 2),
(1201, '4361', 'MILA TRIANA', 'Semarang', '2007-05-24', 'Selamet', 'Pengaron Kidul RT. 03 RW. 01', 2),
(1202, '4362', 'MUHAMAD USAKHIL FALAH', 'Demak', '2007-04-08', 'Mukrondi', 'Jl. Pedurungan Tengah RT. 03 RW. 03', 2),
(1203, '4363', 'MUHAMMAD DZUL  JALAALI W', 'Semarang', '2007-01-24', 'Junaidi', 'Jl. Sendang Indah Barat RT. 04 RW. 04', 2),
(1204, '4364', 'MUHAMMAD FATIH', 'Wonosobo', '2006-12-17', 'Teguh Rahayu', 'Jl. Jaten i No. 50', 2),
(1205, '4365', 'MUHAMMAD RIZKI', 'Semarang', '2007-04-22', 'Suwarso', 'Kp. Bugen Utara RT. 10 RW. 03', 2),
(1206, '4366', 'NABELA JENY', 'Semarang', '2006-06-11', 'Harto', 'Jl. Sidoluhur XII RT. 02 RW. 06', 2),
(1207, '4367', 'REVI AULIA', 'Semarang', '2007-02-21', 'Herni Chrisdiyanto', 'Jl. Pandansari 08 RT. 03 RW. 08', 2),
(1208, '4368', 'RIFKY GIRI NANDA ', 'Semarang', '2006-05-07', 'Wariyan', 'Jl. Sendang Indah Timur', 2),
(1209, '4369', 'RIZKY AKBAR DEWANTO', 'Semarang', '2006-12-30', 'Arif Dewanto', 'Karang Kimpul RT. 04 RW. 01', 2),
(1210, '4370', 'RIZKY AKHBAR PUTRA', 'Semarang', '2007-02-22', 'Rodji', 'Ngablak Kidul RT. 14 RW. 08', 2),
(1211, '4371', 'SEPTIANA HERLINA ARTA DEWI', 'Semarang', '2006-09-09', 'Dedik', 'Jl. Sidoluhur 14 No. 17', 2),
(1212, '4372', 'ULFA KHOIRIN NIHA', 'Semarang', '2007-04-17', 'H. Waris', 'Pengaron Kidul RT. 05 RW. 02', 2),
(1213, '4373', 'WISNU CANDRA KURNIAWAN', 'Semarang', '2006-11-30', 'Suparno', 'Sendang Indah Timur RT. 04 RW. 02', 2),
(1214, '4374', 'WISNU MAHENDRA', 'Semarang', '2007-04-29', 'Basuki Rahmat', 'Jl. Medoho Permai', 2),
(1215, '4375', 'AHMADUN KHOIRUL ASNAN', 'Kab. Semarang', '2006-06-18', 'Kaswan', 'Ds. Munding RT. 01 RW. 01 Bergas', 2),
(1216, '4376', 'ALI MUQIT AL HAFIS', 'Semarang', '2007-04-22', 'Nurkholis', 'Jl. Parang Kesit 7/24', 2),
(1217, '4377', 'DELICIA YULIA AZZAHRA', 'Semarang', '2006-08-07', 'Yuli Nuryanto', 'Tlogomulyo RT. 01 RW. 02', 2),
(1218, '4378', 'EKA ABI MANYU', 'Grobogan', '2006-05-12', 'Siswanto', 'Syuhada Raya RT. 05 RW. 22', 2),
(1219, '4379', 'ERWIN LIBASHUL MAARIF', 'Semarang', '2007-01-16', 'Slamet Mulyono', 'Jl. Jempono RT. 01 RW. 01', 2),
(1220, '4380', 'EVELLYN DESTIAN DHITA', 'Semarang', '2006-12-23', 'Dwi Haryanto', 'Jl. Sunan Kalijaga Raya RT. 07 RW. 01', 2),
(1221, '4381', 'EVITA SEKAR NIRMALA', 'Semarang', '2007-05-01', 'Abdul Malik', 'Tlogotimun Raya RT. 03 RW. 01', 2),
(1222, '4382', 'FAJAR NURUS SOBAH', 'Demak', '2006-01-29', 'Aang Hermawan', 'Tlogosari Kulon RT. 09 RW. 05', 2),
(1223, '4383', 'FATIHATUL M', 'Wonosobo', '2006-12-17', 'teguh Rahayu', 'Jl. Tlogo Puspo No. 75', 2),
(1224, '4384', 'GUNAWAN', 'Wonosobo', '2003-10-14', 'Sabar Priyanto', 'Jl. Woltermonginsidi RT. 04 RW. 02', 2),
(1225, '4385', 'IRNA UMI AULIA', 'Demak', '2007-01-01', 'Nur Hadi', 'Jl. Tlogo Puspo No. 75', 2),
(1226, '4386', 'KHUSNUL QOTIMAH RAMADHANI', 'Semarang', '2006-09-24', 'Maskur', 'Medoho Permai 2 RT. 09 RW. 10', 2),
(1227, '4387', 'LIA GAMALA', 'Semarang', '2006-12-17', 'Emisari', 'Jl. Kalicari 3 RT. 02 RW. 03', 2),
(1228, '4388', 'MAWAR ARDILLA PUTRI', 'Semarang', '2004-06-21', 'Indri Sulasmini', 'Jl. Tlogo Biru II RT. 09 RW. 27', 2),
(1229, '4389', 'MUHAMMAD ABDUL AZIS', 'Semarang', '2006-12-24', 'Muhajir', 'Pandansari VIII RT. 03 RW. 08', 2),
(1230, '4390', 'NESYA TASKYA ZHAHRA', 'Semarang', '2007-08-19', 'Tri Handoko', 'Jl. Jaten Baru II No. 11', 2),
(1231, '4391', 'NIRINA ASTIANTA', 'Semarang', '2006-09-08', 'Riyanto', 'Gasem Baru RT. 10 RW. 04', 2),
(1232, '4392', 'PRISTYA KUSUMA LESTARI', 'Yogyakarta', '2007-01-18', 'Yanuar Prasetyo', 'Jl. Tlogo Merah No. 12', 2),
(1233, '4393', 'PUTRI DWI ROHMAWATI', 'Semarang', '2006-08-12', 'Ajung Rubianto', 'Gayamsari 5 RT. 01 RW. 11', 2),
(1234, '4394', 'RAHMA DHANI FARRELLIA Y', 'Semarang', '2006-12-05', 'Budi Susanto', 'Griya Utama 2 RT. 07 RW. 01', 2),
(1235, '4395', 'RA''UF SIRAJUDIN ', 'Semarang', '2007-02-27', 'Sumawan', 'Jl. Pedurungan Tengah V No. 14', 2),
(1236, '4396', 'RIO NUR HAFIDZ', 'Semarang', '2006-08-30', 'Sujiman', 'Wonomulyo Mukti Barat 6 RT. 11 RW. 11', 2),
(1237, '4397', 'RIZAL GHOFUR ', 'Semarang', '2007-01-28', 'Arif Mintarno', 'Jl. Pucang Permai 16 No. 1', 2),
(1238, '4398', 'RIZKY JUGE SUTRISNO', 'Semarang', '2007-07-05', 'Joko Sutrsno, SE', 'Jl. Dempel Berlian 2 No. 33', 2),
(1239, '4399', 'RIZQI MAULANA IBRAHIM', 'Semarang', '2007-06-06', 'Adinda Perrawa Mukti', 'Jl. Sendangguwo Raya No. 40', 2),
(1240, '4400', 'SULTAN SYARIF AL KHAROK', 'Semarang', '2007-05-09', 'Arif Hidayat', 'Kudu RT. 01 RW. 06', 2),
(1241, '4401', 'SURYA BAGUS JULIANTO', 'Semarang', '2006-07-29', 'Suryadi', 'Jl. Depok I RT. 06 RW. 10', 2),
(1242, '4402', 'TRI SEPTIA MULYANENGRUM', 'Semarang', '2005-09-14', 'Romdhi Mulya Jaya', 'Syuhada Timur 7 RT. 02 RW. 02', 2),
(1243, '4403', 'VERLITA CAHYANI', 'Semarang', '2006-09-07', 'Primada Hermiasa', 'Jl. Kalicari Tengah III No. 8', 2),
(1244, '4404', 'WAHYU DINAR WIJAYA', 'Semarang', '2006-05-15', 'Edi Wibowo', 'Jl. Woltermonginsidi Jaten III RT. 05 RW. 08', 2),
(1245, '4405', 'YUSUF MALCOM AIDIEL A', 'Semarang', '2006-10-27', 'Murolamto', 'Jl. Gayamsari III RT. 05 RW. 01', 2),
(1246, '4406', 'ZILDAN RIDHOANSYAH', 'Semarang', '2007-03-06', 'Tri Widodo', 'Sendangguwo RT. 15 RW. 02', 2),
(1247, '4407', 'AYDA RIZKI ADITYO', 'Semarang', '2006-05-28', 'Pras Adityo', 'Perum Kauman Regency Jl. Kristal No. 86', 2),
(1248, '4408', 'ALIF SYAFIQUL IZZAR', 'Indramayu', '2007-05-10', 'Mahmudi', 'Jl. Jaten I No. 50', 2),
(1249, '4409', 'ANDHIKA RAMADHANI', 'Boyolali', '2006-10-05', 'Suryanto', 'Jl. Suhada Barat RT. 01 RW. 11', 2),
(1250, '4410', 'ANNISA FAUZIAH', 'Semarang', '2007-06-17', 'Basiman', 'Jl. Gajah Timur Dalam 4 RT. 02 RW. 09', 2),
(1251, '4411', 'BAGAS RAMADHAN ', 'Semarang', '2006-07-26', 'Teguh Wahyudi', 'Gayamsari V Dalam RT. 05 RW. 11', 2),
(1252, '4412', 'BAGUS AJI LEKSONO', 'Semarang', '2007-02-27', 'Joko Wahono', 'Jl. Muwardi Timur RT. 01 RW. 05', 2),
(1253, '4413', 'DIANDRA DWI ARDIANSYAH', 'Jepara', '2006-11-21', 'Ali Ma''ruf', 'Gg Jaten No. 50', 2),
(1254, '4414', 'DIANDRA MARCELLO', 'Semarang', '2006-07-14', 'Sumargono', 'Sanggrahan RT. 06 RW. 03', 2),
(1255, '4415', 'EIMELDA MAULIA MARASWARI', 'Sleman', '2006-05-20', 'Lilik Budi Kiswanto', 'Jl. Tlogo Puspo No. 75', 2),
(1256, '4416', 'EKA PUTRA PURNOMO', 'Semarang', '2004-03-04', 'Bing Harianto', 'Merpati I No. 23', 2),
(1257, '4417', 'ENGGAR AJIK NUR CAHYONO', 'Boyolali', '2004-01-01', 'Didik Purwanto', 'Jl. Sukarno Hatta RT. 01 RW. 01', 2),
(1258, '4418', 'FEBRI KURNIAWAN                           ', 'Semarang', '2006-02-11', 'Rudi Fergas Alfonso', 'Gayamsari RT. 04 RW. 12', 2),
(1259, '4419', 'INDAH RISPI HANDAYANI', 'Grobogan', '2006-01-09', 'Yanto', 'Gajah Timur 4 RT. 04 RW. 07', 2),
(1260, '4420', 'JOHAN ANDIKA PUTRA                  ', 'Grobogan', '2005-07-20', 'Budiono', 'Jl. Batursari 9 RT. 06 RW. 06', 2),
(1261, '4421', 'LOTAMA WIJAYA PRASETIO', 'Semarang', '2005-08-06', 'Munawar', 'Plewan 3 RT. 03 RW. 03', 2),
(1262, '4422', 'MUHAMMAD ASYIQIN GHOZALI', 'Demak', '2007-11-07', 'Nursyahid', 'Jl. Woltermonginsidi Gg Jaten I No. 50', 2),
(1263, '4423', 'NABILA  AYU ROHMAWATI', 'Semarang', '2006-11-26', 'Wahyudi', 'Karanganyar RT. 01 RW. 12', 2),
(1264, '4424', 'NABILA PUTRI MAHARANI', 'Semarang', '2006-04-23', 'Saiful Arifin', 'Jl. Gemah RT. 07 RW. 10', 2),
(1265, '4425', 'NITI YONANDA', 'Jakarta', '2006-03-03', 'Supriyadi', 'Jl. Tlogo Puspo No. 75', 2),
(1266, '4426', 'RATU AINI CHOIRUNNISA', 'Bekasi', '2007-07-30', 'Edi Suhendi', 'Gayamsari IV No. 1', 2),
(1267, '4427', 'RIVALDO RIZKY WAHYONO', 'Semarang', '2006-08-05', 'Sri Wahyono', 'Jl. Kebon Sawit 4 No. 17', 2),
(1268, '4428', 'ROCHMAD ABDULLAH', 'Semarang', '2006-05-26', 'Agus Triyanto', 'Bawangan RT. 15 RW. 02', 2),
(1269, '4429', 'SINDY JUNITA RAHMA', 'Kendal', '2006-06-23', 'Mulyadi', 'Jl. Purwomukti Timur 2 RT. 07 RW. 07', 2),
(1270, '4430', 'VIRA ALISYA DAMAYANTI', 'Semarang', '2006-05-09', 'Topo Yulianto', 'Jl. Merpati Dalam No. 11', 2),
(1271, '4431', 'WAHJI SUHERLAN', 'Semarang', '2006-05-03', 'Santoso', 'Plewan 3 RT. 03 RW. 03', 2),
(1272, '4432', 'WENI SITORESMI', 'Jakarta', '2005-12-31', 'Ahmad Andi Suherlan', 'Sedayu Jati RT. 04 RW. 01', 2),
(1273, '4136', 'Achmad Dwi Cahya Ramadhan', 'Semarang', '2006-10-13', 'Gunawan', 'Jl. Sawah Besar 9', 2),
(1274, '4138', 'Adrian Rizky Saputra', 'Pati', '2005-05-30', 'ROCHMANTO', 'BANGETAYU KULON RT. 03 RW. 02', 2),
(1275, '4137', 'Alsa Yunita Sebti Wafa', 'SEMARANG', '2005-06-11', 'ACHMAD LUTFI', 'Gemah', 2),
(1276, '4135', 'Alloi Xtus Innavero', 'Semarang', '2005-07-10', 'TRI YOGA RACHMANU', 'JL.KARANGLO 71', 2),
(1277, '4140', 'Atha Faiza K. Rahmandika', 'SEMARANG', '2006-05-26', 'WIDI TJAHJADI', 'Jl. Tejo Kusumo IV No.24', 2),
(1278, '4141', 'Ayu Febriana Maieshya Putri', 'Kab Semarang', '2006-02-06', 'Urip Cahyono', 'Jl. Badak X', 2),
(1279, '4143', 'Davina Leal Novia Marella', 'SEMARANG', '2005-11-01', 'Diyah Fitri Sayekti', 'JL.SENDANGGUWO RAYA RT. 07 RW. 10', 2),
(1280, '4144', 'Dea Lutfi Anggraini', 'SEI BULUH', '2006-04-06', 'FENGKI HERI SISIWANTO', 'Dusun A Desa Tanah Merah', 2),
(1281, '4145', 'Desi Nur Hidayah', 'Klaten', '2005-12-07', 'Suyamto', 'Jl Unta Raya No 43', 2),
(1282, '4146', 'Dina Anggraini Sulistyowati', 'Semarang', '2005-11-12', 'Aris Sulistyo', 'Batursari', 2),
(1283, '4147', 'Eka Adi Nugroho', 'Semarang', '2005-09-02', 'Rubiyanto', 'Jl. Gasem Baru RT. 10 RW. 04', 2),
(1284, '4179', 'Fadil Jagad Riwadi', 'JAKARTA', '2005-10-19', 'PURWADI', 'GRAHA MULIA ASRI II NO 118', 2),
(1285, '4148', 'Ferdianto', 'SEMARANG', '2006-04-07', 'SARIJAN', 'JL.SENDANGGUWO RT. 09 RW. 09', 2),
(1286, '4149', 'Hananta Farelleo Mahendra', 'SEMARANG', '2006-06-02', 'SUTJIPTO', 'Jl. Pandansari I RT. 05 RW. 01', 2),
(1287, '4307', 'H. Daffa Abdiantoro', 'SEMARANG', '2005-04-23', 'SISWO SIGIT PRAYITNO', 'BUKIT FLUORITE JAYA BLOK G3/11', 2),
(1288, '4151', 'Ivan Adi Putra', 'Palas', '2006-01-17', 'Budiyono', 'Jl. Abu Mi`roj RT. 02 RW. 03', 2),
(1289, '4308', 'J.H. Aulia Firza Azzahra', 'Semarang', '2006-03-22', 'Much. Nur Wachid', 'Jl. Lobak Raya No. 160', 2),
(1290, '4152', 'Listyany Andika Putri', 'Grobogan', '2006-09-10', 'Warto Andika', 'Krandon RT. 05 RW. 06', 2),
(1291, '4153', 'Maulida Qurrota ''ayun', 'SEMARANG', '2006-04-20', 'IMAM SU''ADI', 'JL.SENDANG UTARA III', 2),
(1292, '4154', 'Mualif Nazarudin', 'DEMAK', '2005-05-21', 'NOR AHMAD ZAENURI', 'JL. GEMAH RAYA RT. 02 RW. 03', 2),
(1293, '4155', 'Muhammad Maulana Yusuf', 'Tangerang', '2006-02-22', 'MUHAMAD AMIN', 'JL. WONODRI SENDANG I ATAS', 2),
(1294, '4156', 'Mustika Ema Fauziyah', 'Magelang', '2006-06-03', 'MUSLIH MULYADI', 'WONOMULYO MUKTI BARAT III/147', 2),
(1295, '4157', 'Nathasya Aprillia Lestiana Putri', 'Semarang', '2006-04-07', 'Lestianto Agustiawan', 'Jl Sunan Kallijaga No 60', 2),
(1296, '4158', 'Naufal Maulana Ramadhani', 'Semarang', '2005-10-17', 'Agus Susilo', 'Jl. Siwalan 02', 2),
(1297, '4159', 'Rafli Kurniawan', 'Semarang', '2006-10-31', 'Aries Sulistianto', 'Petelan Selatan 724', 2),
(1298, '4160', 'Revano Putra Ananto', 'Semarang', '2006-08-19', 'Agus Waryanto', 'Jl.Dempel Berlian no 6', 2),
(1299, '4161', 'Rexi Cesar Wahyu Maulana', 'Semarang', '2005-06-22', 'Jumaidi', 'Gayamsari Selatan', 2),
(1300, '4162', 'Rindho Agus Darmawan', 'KAB. SEMARANG', '2006-08-17', 'ALM SUDARYONO', 'BLOK AA5 NO 10 PLAMONGAN INDAH', 2),
(1301, '4163', 'Riz Fahmadiatama', 'SEMARANG', '2005-12-08', 'ANNASTA FAJAR KUSUMA', 'JL.GAYAMSARI V', 2),
(1302, '4164', 'Safa Setia Wardani', 'Semarang', '2006-08-29', 'Sulis Setianto', 'Jl. Murti Asih No.49', 2),
(1303, '4165', 'Sevani Citra Sanasi', 'Semarang', '2005-07-24', 'Santoso', 'Jl. Batursari', 2),
(1304, '4166', 'Silvi Lintang Ariyanto', 'Semarang', '2005-09-18', 'Joko Riyanto', 'Jl Pandean Lamper IV', 2),
(1305, '4168', 'Zaenizanuba', 'SEMARANG', '2006-05-24', 'Eko Ariyanto', 'Jl. Kebonrojo Utara Ii No 28', 2),
(1306, '4169', 'Alvin Andika Wahyu Kuntoro', 'semarang', '2005-11-01', 'Mulyantoro', 'Jl. Woltermonginsidi', 2),
(1307, '4170', 'Ari Wicaksono', 'Semarang', '2005-12-28', 'Salman', 'Jl. Siwalan 2', 2),
(1308, '4171', 'Arjuna Wahyu Pancamaya', 'SEMARANG', '2005-02-20', 'AGUS RIYANTO', 'PRINGMAS RT. 07 RW. 08', 2),
(1309, '4142', 'Bagas Sugih Pambudi', 'Semarang', '2006-02-11', 'Sugiharto', 'Dempel Lor', 2),
(1310, '4172', 'Bagus Ardianto Adi Saputro', 'Semarang', '2005-11-05', 'Eko Suparno', 'Ngablak Indah 3', 2),
(1311, '4173', 'Dhefa Fahmi Prayudha', 'Semarang', '2006-08-10', 'Suhadi Prayitno', 'Jl. Badak II No. 37', 2),
(1312, '4174', 'Dimas Aji Pangestu', 'SEMARANG', '2006-01-18', 'Ngarwani', 'Jl. Ngablak Indah RT. 09 RW. 04', 2),
(1313, '4175', 'Donny Ardiansyah', 'Semarang', '2005-08-27', 'Paino', 'Karang Anyar RT. 01 RW. 12', 2),
(1314, '4176', 'Elliana Putri Kurniawati', 'SEMARANG', '2005-12-12', 'Muhammad Ali', 'JL PURWOMUKTI BARAT I', 2),
(1315, '4177', 'Elsa Cahya Rahmadewi', 'Semarang', '2005-10-26', 'Turyamin', 'Jl. Siwalan 2', 2),
(1316, '4178', 'Evan Riswan', 'Semarang', '2006-01-13', 'Faisal', 'Jl. Gayamsari IV', 2),
(1317, '4180', 'Fikri Afdilan Khaidir Rasyid', 'Semarang', '2006-01-17', 'Abdul Rosid', 'Jl. Merpati Dalam No.10', 2),
(1318, '4181', 'Fiqih Dheo Erlangga', 'WONOGIRI', '2005-06-15', 'AGUS WAHYONO', 'JL. PURWOMUKTI TIMUR', 2),
(1319, '4182', 'Gilang Praja Kusdiantara', 'Semarang', '2004-11-01', 'koeswanto', 'Cerme II RT. 03 RW. 02', 2),
(1320, '4183', 'Hakim Nur Suryaputra', 'Semarang', '2005-11-08', 'Nursito', 'Depoksari Dalam 3 - 11', 2),
(1321, '4184', 'Imelda Imanda Sari', 'Semarang', '2006-05-05', 'Purnomo Seto', 'Jl. Seruni VIII/02', 2),
(1322, '4221', 'Is Witha Arjun Krisna Pratama', 'GROBOGAN', '2005-12-07', 'IS WIWIT SUGIANTO', 'Jl. Trikora II Barat No. 12', 2),
(1323, '4186', 'Juliant Herawati Saesar', 'Semarang', '2006-07-19', 'Heri Setiyono', 'Perumahan Jinan Garden', 2),
(1324, '4187', 'Junita Febri', 'Grobogan', '2005-06-09', 'Darso', 'Batursari RT. 08 RW. 06', 2),
(1325, '4188', 'Kesay Fristhania Agayekti', 'Semarang', '2005-01-09', 'Masaris', 'JL. Pucang Argo Raya 25', 2),
(1326, '4189', 'Mahera Vera Kusumawati', 'SEMARANG', '2006-02-23', 'TOHA', 'JL.SENDANGGUWO RAYA', 2),
(1327, '4224', 'M. Aflakhun Nabil', 'Demak', '2006-03-18', 'Nur Sahid', 'Penggaron Kidul RT. 04 RW. 06', 2),
(1328, '4190', 'MEIKEL YONATAN', 'SIDOREJO', '2005-05-22', 'Andreas Sunarno', 'Raja Ininton RT. 03 RW. 02', 2),
(1329, '4192', 'Muchamad Ekky Febrian', 'SEMARANG', '2006-02-11', 'Slamet Dwi Riyadi', 'Condrorejo RT. 03 RW. 09', 2),
(1330, '4194', 'Najib Ali Yahya', 'SEMARANG', '2006-05-06', 'ZAENAL ABIDIN', 'JL.SENDANG UTARA III', 2),
(1331, '4195', 'Najwa Azzahra', 'SEMARANG', '2006-05-08', 'S AHMAD FUAD', 'JL.GEMAH SELATAN RT. 09 RW. 06', 2),
(1332, '4196', 'Niswa Himmatul Ulya', 'SEMARANG', '2006-04-03', 'MASRUCHIN', 'PENGGARON LOR RT. 07 RW. 03', 2),
(1333, '4197', 'Nur Diah Ningrum', 'Semarang', '2006-07-31', 'Supriyanto', 'JL. Dempel Berlian IX Kav 122 Griya Dempel Baru', 2),
(1334, '4198', 'Nurmala Kusuma Wardani', 'Semarang', '2005-03-08', 'Rohadiyanto', 'Kp. Tegalrejo RT.05 RW.03', 2),
(1335, '4199', 'Rico Bagas Valentino', 'semarang', '2005-02-14', 'warlan', 'Karang Ingas RT. 01 RW. 07', 2),
(1336, '4200', 'Salma Zakia', 'SEMARANG', '2005-11-05', 'MOCH CHOLIL', 'JL.SENDAN UTARA I', 2),
(1337, '4201', 'Vanya Winna Allicia', 'KAB. SEMARANG', '2005-12-19', 'MUALIMAN', 'JATEN RT. 04 RW. 03', 2),
(1338, '4167', 'Tanto Muhamad Setiyawan', 'SEMARANG', '2005-11-14', 'TAIMIN', 'NGABLAK KIDUL RT. 01 RW. 08', 2),
(1339, '4202', 'Vina Aprilea Maulidina', 'Semarang', '2005-04-24', 'Ricko Listyo Erdianto', 'Jl. Wonomulyo Mukti Barat G III/134', 2),
(1340, '4203', 'Aan Maheswara', 'KABUPATEN GROBOGAN', '2004-05-21', 'AHMAD KUSWADI', 'JL. PURWOMUKTI DALAM', 2),
(1341, '4204', 'Aldo Putra Al Qurais Zaman', 'Semarang', '2005-12-13', 'Agus Joko Suryaning Putro', 'Bangetayu Wetan RT. 05 RW. 03 ', 2),
(1342, '4205', 'Alip Nur Ikhsan', 'Wonogiri', '2005-09-26', 'Soleh', 'Tanjungsari I A No. 09', 2),
(1343, '4206', 'Amanda Anastacia', 'Semarang', '2005-09-15', 'Miskam', 'Jl. Cebolok RT. 05 RW. 01', 2),
(1344, '4207', 'Ananda Setyaningtias', 'Ngawi', '2005-10-14', 'MUJIONO', 'Plamongansari RT. 03 RW. 04', 2),
(1345, '4208', 'Andrean Fachra Cahyono', 'GROBOGAN', '2004-04-09', 'NUR HASAN', 'JL. SENDANG UTARA III', 2),
(1346, '4209', 'Andriano Henry Pamungkas', 'SEMARANG', '2005-04-20', 'SURONO', 'JL. BARAK KM 28', 2),
(1347, '4139', 'Antonius Hendy Wibowo', 'Semarang', '2005-12-12', 'Henry Susilo', 'Tandang Raya RT. 05 RW. 13', 2),
(1348, '4210', 'Ayu Laras Setyorini', 'GROBOGAN', '2006-07-21', 'SURANTO', 'Widuri Baru RT. 06 RW. 05', 2),
(1349, '4211', 'Bisma Satria Kayana', 'Semarang', '2006-01-15', 'Pardi ', 'Jl.Kalicari Timur Dalam I', 2),
(1350, '4212', 'Damar Eric Pratama', 'Semarang', '2006-06-06', 'Heri Setiawan ', 'Jl. Syuhada RT. 06 RW. 02', 2),
(1351, '4213', 'Dea Ayu Wulandari', 'Semarang', '2005-12-03', 'H. Guritna', 'Jl. Cebolok RT. 05 RW. 01', 2),
(1352, '4214', 'Dimas Choiri', 'Semarang', '2004-02-28', 'Abu Choiri', 'Jl Gayamsari IV', 2),
(1353, '4215', 'Divania Apriliyani Citra Dewi', 'CIANJUR', '2005-04-14', 'RIDWAN AHMAD SUGIYANTO', 'JL. SENDANGGUWO RT. 07 RW. 10', 2),
(1354, '4216', 'Eryanna Putri Hidayah', 'Semarang', '2005-05-23', 'Mohammad Suyanto', 'Pucang Santoso Barat 3/9', 2),
(1355, '4217', 'Ferdiansyah Amy Saputra', 'Purworejo', '2005-11-26', 'Amiyono', 'Jl. Sidoasih IV No. 50', 2),
(1356, '4218', 'Gavra Putra Aji Wijaya', 'SEMARANG', '2007-01-31', 'MOH HARYONO', 'JL. PALEBON NO 8', 2),
(1357, '4219', 'Ilham Alamsyah', 'Semarang', '2003-11-16', 'Sugiyono', 'Jl. Sido Asih XI No.3', 2),
(1358, '4220', 'Indah Dwi Fernanda', 'Semarang', '2004-01-05', 'Ari Sulistiya', 'Jl. Bangetayu Kulon RT. 03 RW. 03', 2),
(1359, '4222', 'Ivan Arkananta Adicandra Iswondo', 'Semarang', '2006-05-23', 'Suwondo', 'Jl. Lempong Sari I / 449', 2),
(1360, '4185', 'Johan Jiwangi', 'Semarang', '2005-11-11', 'Eko Herwanto', 'Ngablak Indah 3', 2),
(1361, '4310', 'Kesya Aulia Rachmawati', 'SEMARANG', '2006-01-20', 'Zaenur Rachman', 'Gayamsari Selatan RT.04 RW.03', 2),
(1362, '4223', 'Krisna Yudi Arjunawan', 'Semarang', '2004-04-21', 'Yudi Purwoko', 'Jl. Lamper Tengah G9 I', 2),
(1363, '4193', 'Muhammad Danar Pratama', 'Semarang', '2004-12-23', 'Yuda Priyadi', 'Jl. Tlogo Timun 2', 2);
INSERT INTO `siswa` (`id_siswa`, `nis`, `nama_siswa`, `tempat_lahir`, `tanggal_lahir`, `nama_ortu`, `alamat`, `id_unit_pendidikan`) VALUES
(1364, '4226', 'Rafly Arya Pramudya', 'Semarang', '2006-07-28', 'JUMINO', 'JL. Dempel Intan IX kav.337', 2),
(1365, '4227', 'Refaldi Pratama Putra', 'Sragen', '2006-03-19', 'Agus Suripto', 'Jl. Beruang Raya', 2),
(1366, '4228', 'Regita Cahya Putri', 'SEMARANG', '2006-05-29', 'Paridi', 'Jl. Bugangan Dalam C No. 16', 2),
(1367, '4229', 'Rika Ayu Ananda', 'SEMARANG', '2006-01-26', 'Eko Kushariyanto', 'JL KAWI VI', 2),
(1368, '4230', 'Satria Gading Hariyanto', 'SEMARANG', '2005-06-14', 'DIDIK HARIYANTO', 'JL.PALAPA SARI BLOK.Y/33', 2),
(1369, '4232', 'Siti Nur Aisyah', 'SEMARANG', '2006-06-28', 'BASUKI', 'Depok Sari Dalam', 2),
(1370, '4233', 'Stevanus Geoffrey Yugiwitama', 'Semarang', '2006-01-01', 'Bogi Wicaksono', 'Jl. Dempel Perak Kav.53', 2),
(1371, '4234', 'A.F.Tegar Nur Chomaidi', 'Semarang', '2004-02-16', 'Sutiman', 'Taman Kanguru slt  V', 2),
(1372, '4235', 'Yekti Anggana Raras', 'Semarang', '2006-03-26', 'Hudoyo Tutuko', 'Kp. Bugen Muktiharjo Kidul', 2),
(1373, '4236', 'Zaenal Abidin Al''wadud', 'SEMARANG', '2006-07-29', 'Sudar Widodo', 'Jl. Kapas I A NO 70', 2),
(1374, '4238', 'Achmad Agus Setiawan', 'Boyolali', '2002-08-14', 'Slamet Supriyadi', 'Sambeng RT. 10 RW. 02', 2),
(1375, '4237', 'Aditya Wahyu Pratama', 'Sragen', '2005-02-11', 'Cecep Wahyudi', 'Kebonharjo RT. 10 RW. 06', 2),
(1376, '4239', 'Aini Virohma', 'Semarang', '2005-08-30', 'Suhelpi', 'Jl Gayamsari IV', 2),
(1377, '4240', 'Aini Visalma', 'Semarang', '2005-08-30', 'Suhelpi', 'Jl Gayamsari IV No. 72', 2),
(1378, '4241', 'Aisyah Herawati', 'JAKARTA', '2006-06-20', 'HERU WINATA', 'JALAN PURWOMUKTI BARAT III NOMOR 30', 2),
(1379, '4242', 'Akbar Fitriawan', 'Semarang', '2005-11-03', 'Moch. Rukaidi', 'Jl. Batursari II', 2),
(1380, '4243', 'Alfi Zidan Ferdinan', 'Semarang', '2005-06-12', 'Endang Ferdinan', 'Jl. Pedurungan Kidul  IV No. 3', 2),
(1381, '4244', 'Amanda Jeny Friscilla', 'SEMARANG', '2006-01-21', 'DESI YULIKA', 'Jl. Citarum Selatan V No. 66', 2),
(1382, '4245', 'Atanasia Jovita Frederika Gavrila Dharmawanti', 'SEMARANG', '2006-08-31', 'SUDARJO', 'JL. PLAMONGAN INDAH B 5', 2),
(1383, '4246', 'Auliya Putri Fradila', 'Demak', '2006-08-03', 'Karyadi', 'Jl. Kebon Agung Barat', 2),
(1384, '4247', 'N. Dimas Putra Sofiawan', 'Rembang', '2005-10-31', 'Iwan Prasetyo Nugroho', 'Jl. Sido Luhur No 14', 2),
(1385, '4248', 'Dyah Puspitasari', 'Semarang', '2005-07-11', 'Agus Purnomo', 'Bangetayu Regency B12', 2),
(1386, '4249', 'Farel Arbi Febrianto', 'Semarang', '2006-02-04', 'Slamet Rasiun', 'Jl. Ngablak Kidul RT. 01 RW. 08', 2),
(1387, '4251', 'Jovan Priambodho', 'Gunungkidul', '2006-05-05', 'Shoimun', 'Jl KH Thohir III No. 5', 2),
(1388, '4252', 'Krisna Rahmandika Putra P', 'Semarang', '2005-09-05', 'Sunoto', 'Mranggen RT. 04 RW. 03', 2),
(1389, '4253', 'Latief Atthaariq Syah', 'Semarang', '2006-06-30', 'Sugeng Fatchurozi', 'Sendangguwo Selatan RT 05 RW 09', 2),
(1390, '4254', 'Lindu Laga Putra', 'Semarang', '0000-00-00', 'Sugeng Guritno', 'Seruni VIII No. 2', 2),
(1391, '4225', 'Mochammad Arya Firmansyah', 'SEMARANG', '2005-02-28', 'Moch. Solichul', 'Tambak Mulyo RT. 03 RW. 13', 2),
(1392, '4256', 'Moch Alief Handika Putra', 'Semarang', '2006-01-14', 'Much Arifin', 'Jl. Tlogo Timun 3', 2),
(1393, '4191', 'Moh. Rif''an Permata Nian', 'Semarang', '2005-01-05', 'Yunian Aminto', 'Pedurungan Tengah RT.03 RW.02', 2),
(1394, '4257', 'Mustika Pramono', 'KLATEN', '2006-09-28', 'SIDIK PRAMONO', 'SENDANG INDAH RT. 05 RW. 04', 2),
(1395, '4258', 'Nabil Gustami', 'Semarang', '2004-01-04', 'Candra Gustami', 'Jl. Murti Indah No.5', 2),
(1396, '4259', 'Nafida Zahara Sofie', 'Gunungkidul', '2005-10-06', 'RUSTAM EFENDI', 'JL. KWARON I', 2),
(1397, '4260', 'Nayaka Aji Pratama', 'Sragen', '2005-02-12', 'Sutejo', 'Gangin RT.01 RW.05', 2),
(1398, '4261', 'Nur Lailiatun Najah', 'DEMAK', '2006-05-13', 'NGATIYONO', 'JL. PEDURUNGAN TENGAH I/ 44', 2),
(1399, '4262', 'Rafi Elsa Putra', 'Jakarta', '2004-10-17', 'Supadi', 'Batursari I RT. 03 RW. 04', 2),
(1400, '4263', 'Rahma Aulia Risti Setyaningrum', 'SEMARANG', '2005-04-12', 'AGUS MUNAWAR', 'SEDAYU INDAH RT. 04 RW. 02', 2),
(1401, '4264', 'Rahma Fauziah Syifa Yulios', 'Semarang', '2006-08-23', 'Yulianto', 'Jl. Wahyu Temurun I No. 25', 2),
(1402, '4265', 'Rizky Arya Saputra', 'Semarang', '2006-08-24', 'Sugianto', 'Ngablak Kidul RT. 14 RW. 08', 2),
(1403, '4266', 'Rosyidatul Ulfah', 'Demak', '2005-07-28', 'Amir', 'Kampung Ndoro RT. 01 RW. 10', 2),
(1404, '4267', 'Sandi Surya Saputra', 'Semarang', '2004-02-21', 'Dwi Ari Yanto', 'Karang Ingas RT 01 RW 07 ', 2),
(1405, '4269', 'Surya Putra Wijaya', 'SEMARANG', '2005-06-27', 'TARDI', 'JL. PURWOMUKTI BARAT III', 2),
(1406, '4270', 'Syahrul Reno Rajabi', 'Semarang', '2005-08-26', 'SUMARI', 'BANGETAYU KULON', 2),
(1407, '4271', 'Widji Widya Astuti', 'Semarang', '2005-09-18', 'Nur Salim', 'Jl. Siwalan II RT 04 RW 03', 2),
(1408, '4272', 'Adinda Sekar Wahyuningrum', 'Semarang', '2006-04-30', 'Suwito Hadi', 'sendang utara III', 2),
(1409, '4273', 'Aditya R', 'SEMARANG', '2005-09-05', 'SUNOTO', 'MRANGGEN RT. 04 RW. 03', 2),
(1410, '4274', 'Aldi Syahputra', 'SEMARANG', '2006-05-22', 'PUJIO', 'Jl. Depok I RT. 04 RW. 10', 2),
(1411, '4275', 'I.J. Altriana Evelinca Praheswari', 'SEMARANG', '2006-02-17', 'DANIEL BAMBANG SETYAWAN', 'Kp. BANPRES RT.02 RW.2', 2),
(1412, '4276', 'Andika Putra Pratama', 'SEMARANG', '2006-02-02', 'MUHAMAD ABIDIN', 'Jl. Merpati I / 14', 2),
(1413, '4277', 'Anggri Ana Novita Putri', 'SEMARANG', '2005-05-03', 'SANTOSO', 'Bangetayu Wetan', 2),
(1414, '4278', 'Ari Kurniawan', 'Surakarta', '2003-04-06', 'Darmo Wikromo', 'Jl. Bawangan RT.10 RW.02', 2),
(1415, '4279', 'Bharata Gayza Bintang Ramadhan', 'Semarang', '2005-10-09', 'Dwi Supriyanto', 'Jl. Gayamsari IV', 2),
(1416, '4280', 'Calistya Bunga Herani', 'SEMARANG', '2006-04-06', 'EKO HERI', 'SENDANG INDAH BARAT RT. 01 RW. 04', 2),
(1417, '4281', 'Danny Yusuf Maulana', 'Semarang', '2006-04-10', 'Priyono', 'Jl. Muktiharjo Indah Blok D/55', 2),
(1418, '4282', 'Dea Ayu Kusuma', 'Semarang', '2006-06-15', 'Eko haryono', 'Sendangguwo RT. 09 RW. 09', 2),
(1419, '4284', 'Diniya Laita Nasya', 'SEMARANG', '2005-12-22', 'YULIANTO', 'JL. SENDANGGUWO', 2),
(1420, '4285', 'Faizal Arya Nur Prayogi', 'SEMARANG', '2005-06-18', 'IMRON BAIDHOWI', 'JL. SERUNI VII / 2', 2),
(1421, '4286', 'Ferdy Dimas Saputra', 'Semarang', '2005-12-12', 'Riyadi Budiman', 'Jl. Batursari I', 2),
(1422, '4288', 'Irfan Maulana', 'Semarang', '2005-05-19', 'Didik Suroso', 'Karang Ingas RT. 01 RW. 07', 2),
(1423, '4289', 'Ivan Maulana Saputra', 'SEMARANG', '2006-02-18', 'NGATIMIN TUGIMAN', 'Jl. Syuhada Raya', 2),
(1424, '4290', 'Ivan Pratama Atma Jaya', 'DEMAK', '2005-04-14', 'SISWIDAYAT', 'KEBON ARUM UTARA RAYA NO.1', 2),
(1425, '4291', 'Mahendra Reva Setiawan', 'Semarang', '2005-06-10', 'Deny Hadi Setiawan', 'Jl. Gayamsari V Dalam ', 2),
(1426, '4255', 'Mirna Meilinda Sudinarto', 'Semarang', '2005-05-10', 'Sudinarto', 'Taman Serayu No.28', 2),
(1427, '4292', 'Mohamad Sobirin', 'Semarang', '2005-07-30', 'Slamet', 'Sendangguwo III RT. 03 RW. 10', 2),
(1428, '4293', 'Nabil Bagus Prasetya', 'Semarang', '2004-10-11', 'Agus Sriyanto', 'Jl. Panda Barat V No.15', 2),
(1429, '4294', 'Nadhifa Isnaini Setyono Putri', 'DEMAK', '2004-09-30', 'TRIYONO', 'KEBON SAWIT III / 10', 2),
(1430, '4295', 'Noval Sabdhanu', 'Semarang', '2005-10-29', 'Sunnarno ', 'Sendangguwo RT. 15 RW. 02', 2),
(1431, '4296', 'Novia Putri Angelina', 'DEMAK', '2006-05-20', 'SAMIAN', 'PONDOK MAJAPAHIT 1 II -34', 2),
(1432, '4297', 'Nur Farida', 'IRIAN', '2004-04-13', 'SUPAAT', 'GASEM RAYA TLOGOSARI WETAN', 2),
(1433, '4298', 'Panca Aditia Suryaman', 'Semarang', '2004-04-25', 'Suparman', 'Tlogosari Wetan RT. 01 RW. 04', 2),
(1434, '4299', 'Rhesa Dustin Alan Chilwina', 'SEMARANG', '2003-06-27', 'RASMAN', 'TLOGOSARI WETAN RT. 03 RW. 04', 2),
(1435, '4300', 'Saskia Dwi Martanti', 'Semarang', '2006-03-12', 'Arif Ariyanto', 'Karanganyar RT. 03 RW. 12', 2),
(1436, '4301', 'Siska Wulandari', 'Wonogiri', '2005-12-16', 'WARIMIN', 'JL GEMAH KENCANA V/1', 2),
(1437, '4303', 'Syifa Ananda Rahma Widayat', 'Semarang', '2006-01-19', 'Wahyu Hidayat', 'Cilosari Dalam RT. 01 RW. 01', 2),
(1438, '4304', 'Vina Aulia', 'SEMARANG', '2004-09-04', 'MOCH SULAIMAN', 'PEDURUNGAN TENGAH IV B', 2),
(1439, '4305', 'Yesica Yektiningtyas', 'SEMARANG', '2006-11-02', 'NGATAWI', 'MUKTIHARJO KIDUL RT. 04 RW. 20', 2),
(1440, '4306', 'Yusuf Khoirullah', 'BATAM', '2004-09-28', 'RICO HANDOYO', 'JL. SENDANGGUWO UTARA I', 2),
(1441, '4037', 'Adinda Intan Permatasari', 'JEPARA', '2004-04-30', 'Subadi', 'Jl. Ngablak Indah RT. 13 RW. 4', 2),
(1442, '4038', 'Aldi Ikhsan Maoelana', 'PEKALONGAN', '2005-06-27', 'Dumadi', 'Jl. Beruang Raya VIII', 2),
(1443, '4004', 'Alvin Tri Rahardian', 'SEMARANG', '2004-09-04', 'Sutiah', 'Palebon', 2),
(1444, '4007', 'Annisa Nur Vinka', 'SEMARANG', '2005-01-25', 'Muhammad Prima Arvianto', 'Jl. Abdul Rachman 8', 2),
(1445, '4011', 'Cintia Rahma Nuraini', 'SEMARANG', '2004-12-17', 'Rubes Agus', 'Jl. Jaten Dalam I', 2),
(1446, '4044', 'Dillon Prastyo', 'SEMARANG', '2005-06-25', 'Dwi Budi Prasetyo', 'Jl. Plamongan Indah A.54 C', 2),
(1447, '4013', 'Dina Meliyana', 'KABUPATEN SEMARANG', '2004-07-29', 'Agus Setia', 'Jl. Sendang Indah Barat RT. 02 RW. 04', 2),
(1448, '4046', 'Dinda Wulandari', 'SEMARANG', '2004-08-17', 'Kodwi Sanyoto', 'Jl. Sido Asih III/69', 2),
(1449, '4047', 'Dwi Rohmanaji', 'SEMARANG', '2005-02-09', 'Supriyanto', 'Jl. Tlogo Timun III', 2),
(1450, '4048', 'Elysa Dwi Maharani', 'SEMARANG', '2004-12-01', 'Winardi', 'Penggaron Kidul RT. 03 RW. 04', 2),
(1451, '4014', 'Febratama Rio Subekti', 'SEMARANG', '2005-02-21', 'Suwarno', 'Jl. Wonomulyo Mukti Barat IV/198', 2),
(1452, '4015', 'Febri Putra Pamungkas', 'SEMARANG', '2004-02-10', 'Suprijatno', 'Jl. Merpati I/7', 2),
(1453, '4050', 'Irfan Vito Albani', 'SEMARANG', '2005-07-28', 'Hariyanto', 'Jl. Medoho Raya', 2),
(1454, '4052', 'Khrisna Bagus Sembodo', 'SEMARANG', '2005-07-13', 'Hariyono', 'Jl. Liman Mukti Selatan I/331', 2),
(1455, '4020', 'Muchamad Nala Faiz', 'SEMARANG', '2004-11-30', 'Samsudin', 'Jl. Palebon Tengah I C', 2),
(1456, '4054', 'Muhammad Ikwan Prabowo', 'SEMARANG', '2004-02-08', 'Sudarminto', 'Sawah Besar VII RT. 04 RW. 04', 2),
(1457, '4023', 'Muhammad Latif', 'GROBOGAN', '2005-01-05', 'Nasiman', 'Jl. Sendangguwo RT. 06 RW. 10', 2),
(1458, '4055', 'Muhammad Nibras Rajendra', 'SEMARANG', '2004-09-10', 'Danil', 'Jl. Parang Sarpo IX/16', 2),
(1459, '4056', 'Nafisah Ridho', 'SEMARANG', '2004-09-19', 'Ridho Widodo', 'Jl. Sendangguwo I/3', 2),
(1460, '4025', 'Nazwa Risma Ramadhania', 'JAKARTA', '2004-11-07', 'Tri Purwadi', 'Jl. Sido Asih XI/25', 2),
(1461, '4026', 'Niken Hanna Nurtikarani', 'SEMARANG', '2005-07-14', 'Edi Purwanto', 'Jl. Kyai Morang RT. 03 RW. 05', 2),
(1462, '4057', 'Okta Sanjana Trippi', 'SEMARANG', '2004-10-14', 'Mudji Arso', 'Jl. Sanggrahan RT. 06 RW. 03', 2),
(1463, '4029', 'Rafi Bachtiar', 'DEMAK', '2005-04-04', 'Ngadiono S HI', 'Jl. Palebon RT. 07 RW. 11', 2),
(1464, '4060', 'Raka Faraz Pangestu', 'SEMARANG', '2004-11-25', 'Haris Susilo Wardoyo', 'Jl. Argomulyo Mukti Timur Raya No.2', 2),
(1465, '4061', 'Raki Fariz Pangestu', 'SEMARANG', '2004-11-25', 'Haris Susilo Wardoyo', 'Jl. Argo Mukti Timur Raya No.2', 2),
(1466, '4132', 'Riko Novaldian', 'SEMARANG', '2004-11-28', 'Darlan', 'Jl. Sido Asih III/35', 2),
(1467, '4032', 'Risanti Vani Fadilla', 'SEMARANG', '2005-06-06', 'Yemmi Kristiyanto', 'Jl. Pesona Asri I/B-19', 2),
(1468, '4034', 'Ronald Dwi Prabowo', 'SEMARANG', '2004-12-05', 'Munjainah', 'Ngablak Kidul RT. 02 RW. 08', 2),
(1469, '4066', 'Rosiana Rahma Putri', 'SEMARANG', '2004-11-27', 'Amir Maulus', 'Perum Klipang Blok Q/VI No.5', 2),
(1470, '4067', 'Septyan Rizky Putra Andika', 'SEMARANG', '2004-09-08', 'Mohsom', 'Sendangguwo RT. 15 RW. 09', 2),
(1471, '4069', 'Usama Attamimi Alhataq Rhafsyqanzani', 'SEMARANG', '2004-07-07', 'Purwanto', 'Jl. Pucang Tama 2/15 B', 2),
(1472, '4071', 'Yoanes Mario Vianney', 'SEMARANG', '2004-08-29', 'Petrus Dani Mulyawan', 'Jl. Sinar Bahagia I/168 Sinar Waluyo', 2),
(1473, '4002', 'Ady Mohamad Firmansyah', 'SEMARANG', '2005-01-26', 'Tumin', 'Jl. Merpati Tengah I/39', 2),
(1474, '4003', 'Alfin Vidyatama', 'SEMARANG', '2004-10-26', 'Achmad Djunaedi', 'Jl. Merpati Dalam RT. 02 RW. 09', 2),
(1475, '4039', 'Alja Bona Manurung', 'SEMARANG', '2005-01-01', 'Anggiat Manurung', 'Pedurungan Kidul RT. 03 RW. 01', 2),
(1476, '4005', 'Amelia Indah Sari', 'SEMARANG', '2005-04-22', 'Jarwadi', 'Ngablak Kidul RT. 01 RW. 08', 2),
(1477, '4006', 'Annas Maulana', 'SEMARANG', '2004-10-03', 'Slamet Budiono', 'Palebon Tengah RT. 04 RW. 11', 2),
(1478, '4008', 'Arya Zanuar', 'SEMARANG', '2004-01-14', 'Amat Basri', 'Perum Pelabuhan Tlogomulyo RT. 01 RW. 01', 2),
(1479, '4010', 'Cerelia Eka Arwanda Putri', 'GROBOGAN', '2004-09-23', 'Haryanto', 'Jl. Wonomulyo Mukti Barat VI Blok Q', 2),
(1480, '4012', 'Daffa Zaidan Azhar Herlambang', 'DEMAK', '2004-09-25', 'Dony Prasetyo', 'Jl. Pedurungan Kidul V/17', 2),
(1481, '4041', 'Daniel Ade Saputra', 'SEMARANG', '2004-07-18', 'Kaimanan Slamet', 'Jl. Soekarno-Hatta 191', 2),
(1482, '4042', 'Dewi Setyaningrum Asrofi', 'SEMARANG', '2004-09-06', 'Isni Asrofi', 'Jl. Wahyu Temurun IX/8', 2),
(1483, '4043', 'Dhika Syifa'' Afriza', 'SEMARANG', '2005-07-30', 'Zainun', 'Jl. Kyai Morang Raya RT. 03 RW. 04', 2),
(1484, '4045', 'Dimas Dwi Saputra', 'SEMARANG', '2006-09-23', 'Slamet', 'Penggaron Kidul RT. 03 RW. 05', 2),
(1485, '4129', 'Faridz Ardi Wijaya', 'SEMARANG', '2005-06-26', 'Arief Nur Hidayat', 'Jl. Griya Alteri Baru No.88', 2),
(1486, '4016', 'Indah Kurnia Larashati', 'SEMARANG', '2004-08-12', 'Wasino', 'Jl. Soekarno-Hatta No. 200 Merpati Timur', 2),
(1487, '4049', 'Indi Septiana', 'SEMARANG', '2005-09-06', 'Sugiarto', 'Gasem Baru RT. 10 RW. 04', 2),
(1488, '4051', 'Irwan Chris Yulianto', 'SEMARANG', '2003-06-30', 'Slamet Supriyanto', 'Bangetayu Asri RT. 10 RW. 01', 2),
(1489, '4017', 'Jerova Romadoni', 'SEMARANG', '2000-12-05', 'Juhari', 'Jl. Merpati I/22', 2),
(1490, '4018', 'Mahendra Fikri Sumarjaya', 'SEMARANG', '2004-07-11', 'Sumardjo', 'Jl. Sido Asih VIII/12', 2),
(1491, '4053', 'Mohammad Ganang Aji Wijayanto', 'SEMARANG', '2005-04-05', 'Wijiyanto', 'Jl. Zebra Dalam RT. 02 RW. 05', 2),
(1492, '4115', 'Muhammad Azam Kurniawan', 'SEMARANG', '2005-05-15', 'Parman', 'Jl. Singoyudan RT. 02 RW. 05', 2),
(1493, '4022', 'Muhammad Diaz Safarudin', 'SEMARANG', '2004-11-17', 'Wawan Deny Kussetiawan', 'Jl. Gangin Raya RT. 04 RW. 04', 2),
(1494, '4024', 'Nadeva Putri Nengrum', 'SEMARANG', '2004-12-29', 'Sunaryo', 'Jl. Jagalan Tengah RT. 01 RW. 05', 2),
(1495, '4028', 'Nur Lila Aryani', 'SEMARANG', '2005-05-29', 'Nuryanto Mohammad Efendi', 'Jl. Tlogobiru I/3', 2),
(1496, '4030', 'Rahmad Ramadhan', 'SEMARANG', '2003-11-24', 'Yani', 'Jl. Kebon Rejo Tengah IV/37-39', 2),
(1497, '4063', 'Revina Ardana', 'SEMARANG', '2004-12-19', 'Agus Puguh Kusmawanto', 'Bumi Wanamukti G I/3', 2),
(1498, '4031', 'Rezza Lailatul Fatiha Sari', 'SEMARANG', '2004-06-11', 'Kadiman', 'Jl. Syuhada Raya No.32', 2),
(1499, '4064', 'Richard Bahari Putra Andysti', 'SEMARANG', '2005-03-12', 'Andik Istiyanto', 'Ngablak Kidul RT. 02 RW. 08', 2),
(1500, '4065', 'Riski Kurniawan', 'SEMARANG', '2004-10-07', 'Rohman', 'Jl. Sido Asih II/59', 2),
(1501, '4033', 'Rizky Dwi Aryanto', 'SEMARANG', '2004-09-27', 'Riyanto', 'Jl. Sido Asih V', 2),
(1502, '4035', 'Vivi Agil Astuti', 'KLATEN', '2004-05-02', 'Bambang Nugroho', 'Jl. Gayamsari V dalam', 2),
(1503, '4070', 'Wanda Amrina Rosada', 'DEMAK', '2004-11-13', 'Mohamad Ariawan', 'Jl Tanggul Asri RT. 01 RW. 03', 2),
(1504, '4036', 'Zulfa Nur Zaini', 'KLATEN', '2005-03-31', 'Eko Purwatiningsih', 'Jolotundo', 2),
(1505, '4072', 'Afifah Puput Malinda', 'SEMARANG', '2004-04-24', 'Tumin', 'Tegalrejo RT. 05 RW. 03', 2),
(1506, '4073', 'Aldias Pandu Winata', 'SEMARANG', '2004-02-23', 'Anggur', 'Depok dalam I No.7', 2),
(1507, '4074', 'Alya Putri Arni', 'SUKABUMI', '2006-08-06', 'Ahmad Arif', 'Sukabumi RT. 02 RW. 02', 2),
(1508, '4075', 'Arya Rachma Putra', 'SEMARANG', '2004-06-06', 'Suparno', 'Jl. Gayamsari V dalam', 2),
(1509, '4076', 'Astrid Stefany', 'SEMARANG', '2004-06-04', 'Mulyono', 'Kp. Margorejo Timur RT. 11 RW. 15', 2),
(1510, '4009', 'Aven Ardias', 'TEMANGGUNG', '2005-01-14', 'Waliyat', 'Jl. Plamongansari RT. 03 RW. 03', 2),
(1511, '4040', 'Cevin Karunia Elsa Putra', 'SEMARANG', '2004-08-24', 'Tri Murdianto', 'Jl. Gayamsari II', 2),
(1512, '4105', 'Christian Kaka Himawan', 'SEMARANG', '2003-10-26', 'Mulyono', 'Kp. Pandansari IV', 2),
(1513, '4079', 'Dimas Arum Saputro', 'SEMARANG', '2004-06-29', 'Parjiman', 'Jl. Bawangan RT. 10 Rw. 02', 2),
(1514, '4080', 'Dimas Syah Putra', 'SEMARANG', '2004-03-11', 'SUgiyono', 'Jl. Kyai Morang RT. 01 RW. 04', 2),
(1515, '4081', 'Dwi Nosa Fitrisia', 'SEMARANG', '2003-11-25', 'Sugeng Riyanto', 'Plmongansari RT. 01 RW. 03', 2),
(1516, '4309', 'Divan Restu Pratama', 'SEMARANG', '0000-00-00', 'Suswanto', 'Jl. Galar III/11', 2),
(1517, '4082', 'Fauzan Febrianto', 'SEMARANG', '2002-02-28', 'Suryadi', 'Jl. Lintang Trenggono III/7', 2),
(1518, '4084', 'Indo Nabila', 'SEMARANG', '2004-04-27', 'Pujianto', 'Jl. Batursari II', 2),
(1519, '4085', 'Intan Aviana Salsabilla', 'SEMARANG', '2004-03-08', 'Agus Siswanto', 'Tegalrejo Rt. 05 RW. 03', 2),
(1520, '4086', 'Luthfi Nur Afifah', 'SEMARANG', '2004-12-01', 'Suparno Aribowo', 'Jl. Widuri III RT. 01 RW. 08', 2),
(1521, '4021', 'Muhammad Akbar Aryanto', 'SEMARANG', '2000-09-07', 'Suswanto', 'Jl. Galar III/11', 2),
(1522, '4087', 'Muhammad Alif Malfin', 'SEMARANG', '2005-05-28', 'Agus Suryono', 'Jl. Pucang Karya XVIII/10', 2),
(1523, '4090', 'Nicola Ardian Saputra', 'SEMARANG', '2005-03-15', 'Sunardi', 'Jl. Bawangan RT. 02 RW. 02', 2),
(1524, '4058', 'Oktaviano Azhar Surya Ramadhan', 'SEMARANG', '2004-10-25', 'Wiwin Hendarto', 'Jl. Gajah Timur Dalam II', 2),
(1525, '4092', 'Pandu Wicaksono', 'DEMAK', '2004-07-27', 'Kunarto', 'Pucang Gading RT. 10 RW. 01', 2),
(1526, '4095', 'Raihan Pratama Wibowo', 'SEMARANG', '2006-12-23', 'Edi Wibowo', 'Jl. Majapahit 406 C', 2),
(1527, '4068', 'Selfi Anjarwati Jangkaru', 'SEMARANG', '2005-02-09', 'Eko Marwoto', 'Jl. Pandean Lamper III/13', 2),
(1528, '4134', 'J. Septin Tias Riani', 'PARIGI', '2005-09-25', 'Rudi Joko Iswanto', 'Jl. Seruni', 2),
(1529, '4097', 'Setiawan Heri Cahyono', 'GROBOGAN', '2004-09-27', 'Suyono', 'Jl. Parang Kusumo IV', 2),
(1530, '4098', 'Tyan Putra Maendra', 'SEMARANG', '2005-05-21', 'Khafid Amroni', 'Selomulyo Mukti Timur V', 2),
(1531, '4100', 'Yeni Rachmawati', 'SEMARANG', '2004-10-11', 'Afandi', 'Jl. Sendang Indah Timur RT. 02 RW. 02', 2),
(1532, '4101', 'Yudo Yudanto', 'SEMARANG', '2004-01-09', 'Handoyo', 'Jl. Depok I RT. 03 RW. 10', 2),
(1533, '4102', 'Abdul Khamid Alrasid', 'SEMARANG', '2004-11-14', 'Sudarmanto', 'Jl. Tlogo Timun Raya No.20', 2),
(1534, '4001', 'Ade Fitrianto', 'JEPARA', '2003-11-26', 'Tri Yuli Widiastutik', 'Majapahit', 2),
(1535, '4103', 'Ali Zainal Abidin', 'SEMARANG', '2004-03-17', 'Mochammad Cholil', 'Jl. Sendang Utara RT. 02 RW. 08', 2),
(1536, '4077', 'Bagus Setiawan', 'SEMARANG', '2004-09-18', 'Kuwat Wibowo', 'Jl. Tlogo Biru II', 2),
(1537, '4104', 'Chandra Aldi Saputra', 'SEMARANG', '2004-01-01', 'Tarminto', 'Jl. Widuri III', 2),
(1538, '4106', 'Dhea Octaviana', 'SEMARANG', '2004-10-27', 'Mujiono', 'Jl. Gayamsari dalam V', 2),
(1539, '4078', 'Dido Hendra Wijayana', 'SEMARANG', '2003-07-30', 'Priyono', 'Perum Muktiharjo Indah Blok D.55', 2),
(1540, '4107', 'Dimas Anakku Lelaki', 'SEMARANG', '2004-09-20', 'Juni Purnomo', 'Jl. Medoho III No.8', 2),
(1541, '4110', 'Farastyra Herlina', 'SEMARANG', '2004-08-03', 'Hermansyah', 'Jl. Sinar Harapan 8', 2),
(1542, '4111', 'Febi Ariyanti', 'SEMARANG', '2004-02-17', 'Amat Yeni', 'Kp. Penjaringan Rt. 08 Rw. 01', 2),
(1543, '4083', 'Ferin Ardiansyah', 'SEMARANG', '2004-01-28', 'Suparno', 'Jl. Sendang Indah Timur RT. 04 RW. 02', 2),
(1544, '4113', 'Riky Mochamad Iqbal Adipratama', 'SEMARANG', '2004-05-02', 'Fauzan Effendy', 'Jl. Rejosari Tengah II/36', 2),
(1545, '4114', 'Muhamad Zaki', 'SEMARANG', '2004-08-23', 'Muhammad Alwi', 'Jl. Parang Kesit VII/30', 2),
(1546, '4089', 'Muhammad Zidan Lutfi', 'SEMARANG', '2005-05-09', 'Abdul Jamil', 'Kudu RT. 05 RW. 03', 2),
(1547, '4117', 'E. Novi Ramadhani', 'SEMARANG', '2004-11-09', 'Moch Rochim', 'Jl. Gayamsari IV', 2),
(1548, '4118', 'R. Picu Setiaji', 'SEMARANG', '2004-12-12', 'Singgih Hermawan', 'Jl. Gayamari IV D', 2),
(1549, '4119', 'Pradina Putri', 'BOYOLALI', '2004-01-12', 'Maryono', 'Jl. Mlaten Trenggulun No. 23', 2),
(1550, '4120', 'Okta Putri Dwi Adelia', 'SEMARANG', '2004-01-19', 'Sugiarto', 'Bugen Utara RT. 04 RW. 03', 2),
(1551, '4121', 'Rafa Aurellio Ardiansyah', 'SEMARANG', '2005-04-28', 'Arif Widiyanto', 'Jl. Sendang Indah Timur RT. 06 RW. 02', 2),
(1552, '4094', 'Rafli Dewanto', 'SEMARANG', '2005-04-10', 'Arif Dewanto', 'Karang Kimpul RT. 04 RW. 01', 2),
(1553, '4123', 'Rima Fatimah Azzahra', 'DEMAK', '2004-05-20', 'Saefudin', 'Jl. Karanggawang Baru RT. 06 RW. 01', 2),
(1554, '4124', 'Rivaldi Ari Irawan', 'SEMARANG', '2005-02-27', 'Indah Muhsarifah', 'Bugen RT. 06 RW. 01', 2),
(1555, '4125', 'Sidiq Haryo Kumoro', 'SEMARANG', '2004-03-27', 'Sulistiono', 'Jl. Tlogo Timun II', 2),
(1556, '4130', 'Valenciano Desniar', 'SEMARANG', '2005-12-17', 'Joko Sulistyono', 'Jl. Boom Lama RT. 01 RW. 03', 2),
(1557, '4099', 'Veri Sandriyah', 'SEMARANG', '2003-09-21', 'Rochman', 'Karang Ingas RT. 02 RW. 04', 2),
(1558, '4126', 'Wahyu Adiputra', 'SEMARANG', '2003-11-11', 'Giyanto', 'Karang Ingas RT. 04 RW. 04', 2),
(1559, '4127', 'R. Wahyu Fadhilah Zulamto', 'SEMARANG', '2004-07-03', 'Surip Sukamto', 'Sendangguwo RT. 07 RW. 10', 2),
(1560, '4128', 'Wisnu Sattya Ageng Pangestu', 'SEMARANG', '2005-01-21', 'Agus Bebasno', 'Jl. Widuri Baru RT. 01 RW. 10', 2),
(1561, '55555', 'Daniel Parulian Siregar', 'semarang', '2003-03-06', 'Budi', 'Sukunraya', 1);

-- --------------------------------------------------------

--
-- Struktur dari tabel `tahun_ajaran`
--

CREATE TABLE `tahun_ajaran` (
  `id_tahun_ajaran` int(11) NOT NULL,
  `tahun_ajaran` varchar(100) NOT NULL
) ENGINE=InnoDB DEFAULT CHARSET=latin1;

--
-- Dumping data untuk tabel `tahun_ajaran`
--

INSERT INTO `tahun_ajaran` (`id_tahun_ajaran`, `tahun_ajaran`) VALUES
(1, '2019/2020'),
(2, '2020/2021');

-- --------------------------------------------------------

--
-- Struktur dari tabel `tipe_pembayaran`
--

CREATE TABLE `tipe_pembayaran` (
  `id_tipe_pembayaran` int(11) NOT NULL,
  `tipe_pembayaran` varchar(100) NOT NULL
) ENGINE=InnoDB DEFAULT CHARSET=latin1;

--
-- Dumping data untuk tabel `tipe_pembayaran`
--

INSERT INTO `tipe_pembayaran` (`id_tipe_pembayaran`, `tipe_pembayaran`) VALUES
(1, 'Paket Seragam Sekolah'),
(2, 'Pakaian Olahraga'),
(3, 'Pakaian Praktek'),
(4, 'Kegiatan MPLS'),
(5, 'SPP'),
(6, 'UP'),
(7, 'DU'),
(8, 'UPKOS'),
(9, 'PAS'),
(10, 'PAT'),
(11, 'UN'),
(12, 'Tabungan'),
(14, 'SPP Bulan Juli'),
(15, 'SPP Bulan Agustus'),
(16, 'SPP Bulan September');

-- --------------------------------------------------------

--
-- Struktur dari tabel `unit_pendidikan`
--

CREATE TABLE `unit_pendidikan` (
  `id_unit_pendidikan` int(11) NOT NULL,
  `unit_pendidikan` varchar(100) NOT NULL,
  `alamat_sekolah` text NOT NULL
) ENGINE=InnoDB DEFAULT CHARSET=latin1;

--
-- Dumping data untuk tabel `unit_pendidikan`
--

INSERT INTO `unit_pendidikan` (`id_unit_pendidikan`, `unit_pendidikan`, `alamat_sekolah`) VALUES
(1, 'SMP MARDISISWA 1', 'Jl. Sukun Raya No. 45 Srondol Wetan Banyumanik Semarang'),
(2, 'SMP MARDISISWA 2', ' Jl. Soekarno-Hatta No. 12 Semarang'),
(3, 'SMA MARDISISWA', 'Jl. Sukun Raya No. 45 Srondol Wetan Banyumanik Semarang'),
(4, 'SMK JAYAWISATA', 'Jl. Sukun Raya No. 45 Srondol Wetan Banyumanik Semarang'),
(5, 'SMK TLOGOSARI', ' Jl. Soekarno-Hatta No. 12 Semarang');

-- --------------------------------------------------------

--
-- Struktur dari tabel `user`
--

CREATE TABLE `user` (
  `id_user` int(11) NOT NULL,
  `nama` varchar(100) NOT NULL,
  `username` varchar(100) NOT NULL,
  `password` varchar(100) NOT NULL,
  `id_unit_pendidikan` int(11) NOT NULL,
  `foto` varchar(100) NOT NULL
) ENGINE=InnoDB DEFAULT CHARSET=latin1;

--
-- Dumping data untuk tabel `user`
--

INSERT INTO `user` (`id_user`, `nama`, `username`, `password`, `id_unit_pendidikan`, `foto`) VALUES
(1, 'Admin SMP MARDISISWA 1', 'smpmardisiswa1', '202cb962ac59075b964b07152d234b70', 1, 'user1.png'),
(2, 'Admin SMP MARDISISWA 2', 'smpmardisiswa2', '202cb962ac59075b964b07152d234b70', 2, 'user2.png'),
(3, 'Admin SMA MARDISISWA', 'smamardisiswa', '202cb962ac59075b964b07152d234b70', 3, 'user3.png'),
(4, 'Admin SMK JAYAWISATA', 'smkjayawisata', '202cb962ac59075b964b07152d234b70', 4, 'user4.png'),
(5, 'Admin SMK TLOGOSARI', 'smktlogosari', '202cb962ac59075b964b07152d234b70', 5, 'user5.png');

--
-- Indexes for dumped tables
--

--
-- Indexes for table `admin`
--
ALTER TABLE `admin`
  ADD PRIMARY KEY (`id`);

--
-- Indexes for table `detail_pembayaran`
--
ALTER TABLE `detail_pembayaran`
  ADD PRIMARY KEY (`id_detail_pembayaran`);

--
-- Indexes for table `detail_pembayaran_psb`
--
ALTER TABLE `detail_pembayaran_psb`
  ADD PRIMARY KEY (`id_detail_pembayaran_psb`);

--
-- Indexes for table `kelas`
--
ALTER TABLE `kelas`
  ADD PRIMARY KEY (`id_kelas`);

--
-- Indexes for table `pembayaran`
--
ALTER TABLE `pembayaran`
  ADD PRIMARY KEY (`id_pembayaran`);

--
-- Indexes for table `pembayaran_psb`
--
ALTER TABLE `pembayaran_psb`
  ADD PRIMARY KEY (`id_pembayaran_psb`);

--
-- Indexes for table `pendaftaran`
--
ALTER TABLE `pendaftaran`
  ADD PRIMARY KEY (`id_daftar`);

--
-- Indexes for table `setting_pembayaran`
--
ALTER TABLE `setting_pembayaran`
  ADD PRIMARY KEY (`id_setting_pembayaran`);

--
-- Indexes for table `setting_pembayaran_psb`
--
ALTER TABLE `setting_pembayaran_psb`
  ADD PRIMARY KEY (`id_setting_pembayaran_psb`);

--
-- Indexes for table `siswa`
--
ALTER TABLE `siswa`
  ADD PRIMARY KEY (`id_siswa`);

--
-- Indexes for table `tahun_ajaran`
--
ALTER TABLE `tahun_ajaran`
  ADD PRIMARY KEY (`id_tahun_ajaran`);

--
-- Indexes for table `tipe_pembayaran`
--
ALTER TABLE `tipe_pembayaran`
  ADD PRIMARY KEY (`id_tipe_pembayaran`);

--
-- Indexes for table `unit_pendidikan`
--
ALTER TABLE `unit_pendidikan`
  ADD PRIMARY KEY (`id_unit_pendidikan`);

--
-- Indexes for table `user`
--
ALTER TABLE `user`
  ADD PRIMARY KEY (`id_user`);

--
-- AUTO_INCREMENT for dumped tables
--

--
-- AUTO_INCREMENT for table `admin`
--
ALTER TABLE `admin`
  MODIFY `id` int(11) NOT NULL AUTO_INCREMENT, AUTO_INCREMENT=3;
--
-- AUTO_INCREMENT for table `detail_pembayaran`
--
ALTER TABLE `detail_pembayaran`
  MODIFY `id_detail_pembayaran` int(11) NOT NULL AUTO_INCREMENT, AUTO_INCREMENT=19;
--
-- AUTO_INCREMENT for table `detail_pembayaran_psb`
--
ALTER TABLE `detail_pembayaran_psb`
  MODIFY `id_detail_pembayaran_psb` int(11) NOT NULL AUTO_INCREMENT, AUTO_INCREMENT=6;
--
-- AUTO_INCREMENT for table `kelas`
--
ALTER TABLE `kelas`
  MODIFY `id_kelas` int(11) NOT NULL AUTO_INCREMENT, AUTO_INCREMENT=56;
--
-- AUTO_INCREMENT for table `pembayaran`
--
ALTER TABLE `pembayaran`
  MODIFY `id_pembayaran` int(11) NOT NULL AUTO_INCREMENT, AUTO_INCREMENT=8;
--
-- AUTO_INCREMENT for table `pembayaran_psb`
--
ALTER TABLE `pembayaran_psb`
  MODIFY `id_pembayaran_psb` int(11) NOT NULL AUTO_INCREMENT, AUTO_INCREMENT=4;
--
-- AUTO_INCREMENT for table `pendaftaran`
--
ALTER TABLE `pendaftaran`
  MODIFY `id_daftar` int(11) NOT NULL AUTO_INCREMENT, AUTO_INCREMENT=3;
--
-- AUTO_INCREMENT for table `setting_pembayaran`
--
ALTER TABLE `setting_pembayaran`
  MODIFY `id_setting_pembayaran` int(11) NOT NULL AUTO_INCREMENT, AUTO_INCREMENT=18;
--
-- AUTO_INCREMENT for table `setting_pembayaran_psb`
--
ALTER TABLE `setting_pembayaran_psb`
  MODIFY `id_setting_pembayaran_psb` int(11) NOT NULL AUTO_INCREMENT;
--
-- AUTO_INCREMENT for table `siswa`
--
ALTER TABLE `siswa`
  MODIFY `id_siswa` int(11) NOT NULL AUTO_INCREMENT, AUTO_INCREMENT=1562;
--
-- AUTO_INCREMENT for table `tahun_ajaran`
--
ALTER TABLE `tahun_ajaran`
  MODIFY `id_tahun_ajaran` int(11) NOT NULL AUTO_INCREMENT, AUTO_INCREMENT=3;
--
-- AUTO_INCREMENT for table `tipe_pembayaran`
--
ALTER TABLE `tipe_pembayaran`
  MODIFY `id_tipe_pembayaran` int(11) NOT NULL AUTO_INCREMENT, AUTO_INCREMENT=17;
--
-- AUTO_INCREMENT for table `unit_pendidikan`
--
ALTER TABLE `unit_pendidikan`
  MODIFY `id_unit_pendidikan` int(11) NOT NULL AUTO_INCREMENT, AUTO_INCREMENT=6;
--
-- AUTO_INCREMENT for table `user`
--
ALTER TABLE `user`
  MODIFY `id_user` int(11) NOT NULL AUTO_INCREMENT, AUTO_INCREMENT=6;
/*!40101 SET CHARACTER_SET_CLIENT=@OLD_CHARACTER_SET_CLIENT */;
/*!40101 SET CHARACTER_SET_RESULTS=@OLD_CHARACTER_SET_RESULTS */;
/*!40101 SET COLLATION_CONNECTION=@OLD_COLLATION_CONNECTION */;
